CVE_DOC,CANT,CVE_ART,COSTO_UNITARIO_CALCULADO,COSTO_TOTAL_CALCULADO,MARGEN_TOTAL_CALCULADO
F37034,1,TUE00244,$52.80,$52.80,$381.68
F37036,1,TUA00028,$327.18,$327.18,$936.87
F37041,7,TP0007,$177.68,"$1,243.73","$2,617.56"
F37042,1,TP0001,$38.96,$38.96,$101.04
F37043,2,BP00242,$101.71,$203.42,$141.41
F37043,2,BP00243,$49.41,$98.82,$375.32
F37044,1,RP00165,"$5,323.76","$5,323.76","$8,676.24"
F37046,3,TP0001,$38.96,$116.88,$166.62
F37048,1,TUE00207,$517.89,$517.89,"$1,097.11"
F37049,1,TUE00207,$517.89,$517.89,"$1,097.11"
F37050,1,TUE00207,$517.89,$517.89,"$1,097.11"
F37051,1,TUE00207,$586.32,$586.32,"$1,028.68"
F37052,1,TUE00207,$586.32,$586.32,"$1,028.68"
F37053,1,BO00051,$86.22,$86.22,"$1,399.03"
F37054,1,BC00023,$742.05,$742.05,"$1,353.20"
F37058,5,PT00070,$149.60,$397.08,$84.17
F37059,2,TP0011,$124,$248,"$1,294.56"
F37060,3,PJ31C1F1AA00,$141.90,$425.69,-$50.69
F37061,5,WRE-2133,$78.70,$393.48,"$3,713.02"
F37061,7,WRE-2774,$75.77,$530.41,"$5,218.69"
F37061,3,WRE-4885,$27.43,$82.29,"$1,406.76"
F37067,3,MR01934,$147.76,$443.27,"$2,372.32"
F37068,1,PT00080,$259.35,$259.35,$459.17
F37068,1,PT00081,$332.65,$332.65,$565.60
F37069,2,RP00150,$0.36,$0.72,"$2,999.28"
F37071,3,TUA00009,"$1,081.89","$3,245.66","$2,298.34"
F37073,5,TP0011,$124,$620,"$1,805"
F37073,6,TP0012,$44.14,$264.83,"$1,985.17"
F37077,2,PT00044,$489.39,$978.77,"$3,032.15"
F37078,30,BOBINA001,$305.44,"$9,163.18","$29,816.42"
F37083,6,TUE00247,$295.24,"$1,771.42","$3,364.80"
F37086,30,BOBINA001,$305.44,"$9,163.18","$29,816.42"
F37087,1,TUE00320,$178.60,$178.60,$422.63
F37092,10,PJ31A1F1A400,$68.95,$689.45,$815.55
F37092,10,PK31A1F1A400,$78.32,$783.24,"$1,376.36"
F37095,1,RP00172,$5.76,$5.76,$376.34
F37095,1,RP00173,$45.01,$45.01,$440.22
F37097,1,BN00232,$289.05,$289.05,$655.95
F37098,40,CBS00045,$64.85,"$2,594.17","$7,789.83"
F37100,1,MR01934,$161.73,$161.73,$776.80
F37102,3,TUE00321,"$1,509.14","$4,527.42","$33,632.58"
F37103,9,TF71E1120A00,$101.71,$915.42,"$4,657.47"
F37105,10,BO00052,$81.91,$819.14,"$4,231.66"
F37107,8,TUA00404,$497.54,"$3,980.31","$6,643.69"
F37110,2,TEE00025,$98.76,$197.51,"$1,000.59"
F37114,1,TUS00049,$140.29,$140.29,$662.71
F37117,2,TUE00322,$181.88,$363.75,"$1,206.75"
F37117,2,TUE00323,$249.89,$499.77,$731.93
F37117,4,TUS00020,$48.56,$194.24,"$1,346.56"
F37120,1,TUE00328,$195.26,$195.26,"$1,954.74"
F37125,5,TUS00003,$85.29,$426.47,"$2,228.53"
F37126,1,BB1 1/2X1/2-300W,$220,$220,$165
F37128,1,TP0008,$211.36,$211.36,$288.64
F37129,2,TUE00324,$242.48,$484.95,"$1,186.05"
F37129,2,TUE00325,$235.56,$471.13,"$1,319.87"
F37130,1,TUE00326,$319.80,$319.80,$944.45
F37130,1,TUE00327,$313.80,$313.80,$950.45
F37134,4,RB00010,$44.70,$178.80,"$2,241.20"
F37138,1,P7J6C1D1A030,$4.02,$4.02,$333.68
F37141,2,CS12E2040A00,$69.23,$138.46,$977.82
F37142,2,CS12E2040A00,$69.23,$138.46,$977.82
F37143,3,BC00024,$556.14,"$1,668.42","$2,567.58"
F37143,3,BC00025,$447.68,"$1,343.05","$2,220.95"
F37143,6,BP00241,$95.82,$574.91,"$3,403.09"
F37143,2,TP00016,$158.40,$316.80,$674.80
F37147,8,TUA00258,$272.65,"$2,181.22","$15,238.78"
F37150,2,BN00236,$161.63,$323.25,$687.21
F37150,4,BN00237,$105.68,$422.72,"$3,517.68"
F37152,4,TUA00364,$795.74,"$3,182.95","$7,394.17"
F37153,2,BP00245,$51.38,$102.76,$941.24
F37156,1,BP00244,$291.72,$291.72,-$36.71
F37161,10,PK31B1I1A000,$240.87,"$2,408.67","$3,103.83"
F37167,1,BP00051,$52.48,$52.48,$312.07
F37167,1,TUA00400,$139.82,$139.82,$522.18
F37169,30,ECQ-00972,$275.50,"$8,264.95","$35,994.05"
F37171,3,TU5/16X230MM,$200.30,$600.90,"$2,398.82"
F37174,10,TUE00146,$372.67,"$3,726.73","$10,773.27"
F37175,6,BO00054,$360.50,"$2,162.98","$6,537.02"
F37175,6,BO00055,$337.97,"$2,027.79","$6,672.21"
F37178,8,70001693,$113.47,$907.73,"$2,412.27"
F37180,10,TP0004,$77.13,$771.29,"$1,948.71"
F37184,2,BE00010,$115.58,$231.15,"$1,820.59"
F37184,2,BL00011,$165.19,$330.39,"$2,844.11"
F37184,2,BL00052,$385.71,$771.42,"$5,199.30"
F37185,1,TUS00086,$85.89,$85.89,$480.75
F37187,12,TEA00058,$95.96,"$1,151.56","$4,026.44"
F37187,12,TEA00059,$131.65,"$1,579.75","$4,759.85"
F37191,1,TEE00026,$292.75,$292.75,"$1,587.53"
F37192,20,TP0003,$71.25,"$1,425.02","$1,574.98"
F37193,1,TP0001,$38.96,$38.96,$59.04
F37198,3,TUA00410,$363.33,"$1,090.00","$1,400.75"
F37202,1,CS14B1010A00,$27.08,$27.08,$446.20
F37204,1,TUA00350,$436.54,$436.54,"$1,223.06"
F37214,1,TP0001,$38.96,$38.96,$68.80
F37215,1,PK18J1F1A400,$113.22,$113.22,$385.78
F37217,3,RP00176,$247.52,$742.57,"$1,957.43"
F37219,3,TUS00064,$160.03,$480.08,"$3,086.92"
F37221,3,TUA00078,$369.59,"$1,108.78","$3,196.22"
F37222,2,CS38E1017A00,$67.42,$134.84,$855.16
F37223,1,TP0003,$71.25,$71.25,$53.75
F37223,1,TP0025,$75.89,$75.89,$99.11
F37226,2,PT00082,"$1,214.30","$2,428.60","$2,822.40"
F37230,2,54020219,"$1,041.08","$2,082.15","$2,846.25"
F37231,2,93980461,"$1,298.68","$2,597.36","$1,539.64"
F37233,1,PJ14F10B0600,$387.87,$387.87,$537.73
F37235,1,TUE00057,$435.30,$435.30,"$1,082.33"
F37236,4,TUE00331,$24.38,$97.52,"$1,897.88"
F37237,1,BT00005,$167.30,$167.30,"$2,462.20"
F37238,1,RC00024,$104.40,$104.40,$430.69
F37239,2,TUE00332,$336.57,$673.13,"$1,718.56"
F37240,1,TUA00124,$647.84,$647.84,$924.61
F37240,4,TUE00063,$436.05,"$1,744.19","$7,757.81"
F37240,2,TUE00129,$449.35,$898.70,"$3,263.00"
F37241,1,TUE00008,$406.61,$406.61,"$1,711.39"
F37242,1,TUA00401,$281.94,$281.94,$968.06
F37243,4,CAS00066,$67.22,$268.86,"$2,199.14"
F37249,2,BB00077,$37.76,$75.53,$944.47
F37250,1,TUS00052,$13.38,$13.38,$184.12
F37255,1,TU5/16X230MM,$226.23,$226.23,$773.77
F37257,4,TJ00087,$130.20,$520.79,"$1,180.01"
F37257,2,TJ00088,$137.08,$274.16,$696.84
F37259,1,BB1 1/2X1/2-300W,$220,$220,$165
F37260,2,CBS00002,$492.92,$492.92,"$3,399.32"
F37261,1,TUS00052,$13.38,$13.38,$184.12
F37262,1,TUA00407,$174.76,$174.76,$696.74
F37269,3,TP0005,$106.00,$318.00,$807.87
F37270,2,65014-38,$246.94,$493.89,"$1,706.11"
F37275,1,CS12G1040A00,$90.18,$90.18,$475.22
F37276,4,MA00001,$156.83,$627.33,$779.23
F37277,4,TUA00412,$146.88,$587.54,"$3,365.46"
F37277,4,TUA00414,$186.95,$747.79,"$2,566.97"
F37278,4,CS12J1075A00,$99.32,$397.28,"$2,233.04"
F37279,1,TUE00329,$130.78,$130.78,$994.22
F37279,1,TUE00330,$134.36,$134.36,$990.64
F37282,15,TUA00143,$189.47,"$2,842.01","$10,859.02"
F37285,1,BB2X2ST,$220,$220,$242
F37289,1,TUA00405,$395.14,$395.14,"$2,270.16"
F37289,1,TUA00406,$141.65,$141.65,"$1,437.95"
F37299,12,CBS00001,$526.27,"$6,315.25","$15,286.91"
F37300,4,BN00112,$150.79,$603.18,"$1,531.22"
F37300,10,RPISTOLA01,$96.78,$967.82,"$6,232.18"
F37301,3,TUA00408,$533.27,"$1,599.82","$4,033.13"
F37302,7,P231B1AF0500,$319.99,"$2,239.95","$4,564.05"
F37303,2,TUE00334,$164.55,$329.11,"$3,469.25"
F37311,2,TUA00400,$168.40,$336.79,"$1,708.21"
F37318,3,TUA00415,$418.59,"$1,255.77","$10,324.20"
F37319,1,TEA00004,$665.36,$665.36,$388.64
F37320,4,TUA00082,$569.10,"$2,276.40","$7,319.64"
F37321,3,TUE00098,$78.83,$236.48,"$3,193.27"
F37326,3,RC00026,$83.50,$250.49,"$1,455.46"
F37331,3,ECQ-01444,$791.10,"$2,373.30","$6,786.45"
F37333,3,TUS00002,$143.89,$431.66,"$1,684.84"
F37336,2,TP0016,$222,$444,"$1,182.21"
F37336,2,TP0026,$113.59,$227.19,$488.51
F37339,10,CBS00099,$153.97,"$1,539.68","$7,127.32"
F37341,6,TK00062,$112.64,$675.84,"$2,409.66"
F37342,1,TP0005,$87.10,$87.10,$220.40
F37349,2,CBS00100,$297.59,$595.19,"$1,497.03"
F37350,3,PK31B1G10000,$111.63,$334.89,$565.11
F37355,3,BN00055,$182.75,$548.24,"$5,424.76"
F37357,4,CS38M1050A01,$106.18,$424.72,"$2,611.96"
F37357,4,CS38N1050A01,$150.48,$601.92,"$2,550.28"
F37358,2,BL00053,$36.92,$73.84,$766.16
F37358,1,BN00232,$299.62,$299.62,$645.38
F37358,3,BP00246,$31.72,$95.16,$939.84
F37358,2,BP00247,$155.39,$310.77,"$1,678.51"
F37358,2,BP00248,$145.21,$290.42,"$1,186.38"
F37359,1,BN00115,$150.74,$150.74,"$1,301.44"
F37361,6,TUS00052,$17.39,$104.34,"$1,080.66"
F37362,1,TP0010,$106.55,$106.55,$230.38
F37363,6,CM12G2075A00,$89.85,$539.13,"$2,870.43"
F37363,1,RP00177,$143.11,$143.11,"$2,116.32"
F37367,2,TUS00111,$42.86,$85.71,$809.13
F37370,1,TUE00148,$337.19,$337.19,"$1,837.41"
F37372,1,TU5/16X230MM,$226.23,$226.23,$692.77
F37375,2,TP0002,$51.36,$102.71,$187.29
F37376,8,PT00057,$98.64,$789.10,"$2,210.90"
F37378,2,PT00082,"$1,214.30","$2,428.60","$2,822.40"
F37381,8,TU5/16X203V,$325.78,"$2,606.27","$2,152.37"
F37386,2,TUE00081,$431.83,$863.66,"$3,693.24"
F37389,1,TP0011,$124,$124,$284.87
F37394,1,TUA00280,$175.18,$175.18,$961.35
F37395,1,RP00178,$12.40,$12.40,$849.67
F37401,3,BO00053,"$1,782","$5,346","$2,229"
F37403,2,P7J6C1D1A030,$36.53,$73.06,$602.34
F37409,11,TEA00092,$672.74,"$7,400.14","$9,092.12"
F37409,6,TEA00093,"$1,190.42","$7,142.54","$6,954.33"
F37414,4,PK14C1D1G300,$70.04,$280.17,"$1,759.83"
F37415,2,TT00007,$189.75,$379.50,"$1,246.60"
F37415,2,TT00008,$346.74,$693.49,"$1,402.51"
F37417,2,TU5/16X203V240W,$112.61,$225.21,$824.79
F37418,3,TEA00023,"$3,061.83","$4,592.74","$8,157.26"
F37422,2,TP0001,$38.96,$77.92,$161.74
F37425,1,TU5/16X870J127V,$227.18,$227.18,$585.82
F37426,1,TEA00096,$773.91,$773.91,"$1,294.59"
F37429,6,TUA00025,$304.25,"$1,825.52","$7,282.48"
F37430,5,TP0015,$173,$865,"$2,120.30"
F37433,1,RP00175,$29.90,$29.90,$653.35
F37434,1,TP0016,$222,$222,$591.10
F37435,18,TUS00112,$52.74,$949.40,"$11,485.18"
F37436,2,TUA00403,$378.69,$757.39,"$2,282.61"
F37437,1,BB1 1/2X1/2-300W,$220,$220,$165
F37442,1,BB1 1/2X1/2-300W,$253,$253,$182
F37442,1,TP0025,$98.63,$98.63,$108.27
F37443,36,TUE00146,$254.34,"$9,156.17","$43,043.83"
F37444,2,BE00011,$37.66,$75.32,"$1,485.18"
F37444,2,BE00012,$44.54,$89.08,"$1,509.16"
F37444,2,BE00013,$48.09,$96.18,"$1,547.60"
F37444,2,BE00015,$51.09,$102.18,"$1,576.68"
F37444,2,BN00243,$141.49,$282.98,"$1,519.26"
F37444,2,BN00244,$201.21,$402.41,"$1,581.59"
F37444,2,BN00245,$188.85,$377.70,"$1,840.74"
F37444,2,BN00246,$297.20,$594.40,"$1,629.60"
F37444,7,BP00249,$30.17,$211.19,"$4,864.51"
F37445,2,PJ140FD1A000,$54.82,$109.64,$665.26
F37447,2,TUE00179,$187.31,$374.62,"$2,973.38"
F37449,2,RC00025,$366.42,$732.84,"$1,187.16"
F37450,2,CS58H1060A00,$112.80,$225.59,"$1,154.25"
F37451,2,CS58H1060A00,$112.80,$225.59,"$1,154.25"
F37455,1,TU5/16X870J127V,$227.18,$227.18,$585.82
F37458,3,CBS00101,$427.12,"$1,281.35","$8,318.65"
F37464,6,TUA00427,$369.07,"$2,214.39","$16,415.61"
F37465,10,TEA00006,$101.99,"$1,019.92","$2,530.08"
F37467,2,TEE00017,"$1,204.71","$2,409.43","$2,027.11"
F37468,1,CS12J2025A00,$74.08,$74.08,$576.24
F37469,1,TUE00207,"$1,179.22","$1,179.22",$435.78
F37470,1,TUE00207,"$1,179.22","$1,179.22",$435.78
F37471,1,TUE00207,"$1,179.22","$1,179.22",$435.78
F37472,1,TUE00207,"$1,179.22","$1,179.22",$435.78
F37473,1,TUE00207,"$1,179.22","$1,179.22",$435.78
F37474,2,TUE00332,$338.28,$676.56,$519.44
F37475,2,TP0009,$160.14,$320.27,$569.73
F37475,2,TP0010,$106.55,$213.10,$393.80
F37475,2,TP0040,$137.48,$274.96,$463.54
F37480,5,TEA00006,$119.05,$595.24,"$1,179.76"
F37481,4,CBS00056,$125.12,$500.47,"$2,226.53"
F37482,10,70001694,$127.62,"$1,276.19","$2,793.81"
F37483,8,70001698,$120.29,$962.29,"$2,941.71"
F37484,7,70001692,$113.69,$795.85,"$3,005.15"
F37485,8,70001690,$161.10,"$1,288.78","$2,783.22"
F37486,3,70001684,$131.71,$395.14,"$3,699.86"
F37487,4,P214F1AB0600,$459.80,"$1,839.19","$2,220.81"
F37490,4,CS12F1040A00,$88.95,$355.80,"$1,893.48"
F37491,1,TUE00339,"$7,342.41","$7,342.41","-$6,217.41"
F37492,2,BP00206,$440.70,$881.41,"$2,088.59"
F37493,30,ECQ-00972,$339.43,"$10,182.84","$34,076.16"
F37495,4,TUE00075,$29.29,$117.15,"$2,383.65"
F37498,2,CS12G1040A00,$90.42,$180.83,$949.97
F37499,2,TUS00113,$69.55,$139.11,$858.43
F37500,1,TUE00176,$470.09,$470.09,"$2,038.61"
F37502,2,PJ14F1L1A800,$373.69,$747.38,"$1,309.32"
F37509,1,TUE00132,$559.98,$559.98,$705.22
F37509,3,TUS00005,$178.49,$535.46,"$1,861.84"
F37513,1,TUE00338,$139.69,$139.69,"$1,016.81"
F37514,3,TUE00337,$173.44,$520.33,"$2,456.42"
F37515,3,TUS00029,$48.23,$144.69,$931.41
F37516,1,BB00017,$208.27,$208.27,"$1,289.89"
F37516,1,BB00018,$688.35,$688.35,$911.15
F37516,1,BN00002,$375.40,$375.40,"$1,079.85"
F37516,1,BN00003,$415.77,$415.77,$983.02
F37517,2,BL00038,$601.65,"$1,203.29","$1,740.71"
F37517,3,PJ31Q1G3A100,$236.98,$710.93,$485.62
F37518,3,TUA00426,$449.84,"$1,349.52","$2,340.12"
F37519,2,PK14G1D1G300,$87.59,$175.18,"$1,864.82"
F37521,4,TUE00075,$43.81,$175.24,"$2,325.56"
F37522,4,TUE00198,$33.90,$135.61,"$1,740.25"
F37525,1,BC00026,$688.31,$688.31,"$1,836.19"
F37530,4,TUE00307,$236.68,$946.71,"$3,173.29"
F37530,4,TUE00308,$210.46,$841.84,"$3,536.56"
F37531,2,PT00082,"$1,214.30","$2,428.60","$2,822.40"
F37535,6,BS00006,$918.12,"$5,508.73","$17,831.27"
F37535,6,BS00008,"$1,133.81","$6,802.89","$16,537.11"
F37538,1,BB2X2ST,$220,$220,$242
F37539,1,RP00181,$41.26,$41.26,"$4,273.74"
F37540,3,TUE00337,$173.44,$520.33,"$2,456.42"
F37541,2,TK00028,$78.24,$156.48,$881.52
F37543,1,TP0008,$211.36,$211.36,$301.00
F37543,1,TP0040,$137.48,$137.48,$245.28
F37544,1,TUA00428,$134.94,$134.94,$425.10
F37545,15,TUA00143,$235.81,"$3,537.11","$10,163.91"
F37547,1,TUA00102,$370.94,$370.94,$884.26
F37553,2,P7J6C1D1A030,$36.53,$73.06,$602.34
F37555,2,TUA00431,$269.59,$539.17,"$1,391.83"
F37556,4,TP0005,$87.10,$348.39,$711.61
F37559,1,TUE00007,$435.26,$435.26,"$1,829.74"
F37562,4,CS38F1010A00,$67.47,$269.88,"$2,026.12"
F37564,5,WRE-2137,$122.14,$610.68,"$4,904.32"
F37565,2,BN00242,$152.37,$304.73,$850.87
F37573,9,TUE00343,$428.56,"$3,857.05","$8,119.07"
F37578,1,BO00056,$216.65,$216.65,$583.35
F37579,4,TEE00017,"$1,246.35","$4,985.40","$3,887.68"
F37580,1,TP0011,$143.80,$143.80,$326.20
F37582,10,TU5/16X203V,$326.23,"$3,262.29","$2,686.01"
F37584,1,TU5/16X230MM,$212.44,$212.44,$787.46
F37585,1,TUE00341,$317.30,$317.30,$663.30
F37586,1,TUE00341,$317.30,$317.30,$663.30
F37589,3,TUA00430,$269.60,$808.80,"$3,406.95"
F37594,2,CS14D2017B20,$111.07,$222.14,"$1,402.92"
F37602,1,TP0005,$87.10,$87.10,$288.19
F37603,20,TEA00006,$119.05,"$2,380.95","$4,719.05"
F37604,5,TUE00042,"$1,666.85","$8,334.25",$0
F37605,5,TP0011,$143.80,$719,"$1,631"
F37606,1,RM00017,"$2,644.78","$2,644.78","$2,005.72"
F37607,6,TUA00134,$303.31,"$1,819.85","$7,487.35"
F37608,2,PT00063,$673.14,"$1,346.28","$1,749.72"
F37610,1,TUA00432,"$1,783.73","$1,783.73","$2,724.47"
F37612,2,BB1 1/2X1/2-300W,$220,$440,$484
F37612,2,TP0001,$38.96,$77.92,$137.60
F37615,1,TUA00371,$417.45,$417.45,"$1,959.55"
F37620,10,CAS00075,$261.77,"$2,617.65","$5,775.15"
F37620,15,CAS00076,$351.08,"$5,266.17","$10,911.33"
F37622,1,BB1 1/2X1/2-300W,$220,$220,$165
F37624,4,TUA00175,$377.29,"$1,509.17","$7,929.63"
F37625,9,TUA00241,$145.03,"$1,305.27","$7,424.73"
F37626,1,TU5/16X230MM,$212.44,$212.44,$787.46
F37628,2,TUA00222,$358.00,$716.01,"$1,714.99"
F37629,2,TUE00333,$195.77,$195.77,"$1,714.24"
F37633,4,TUA00421,$525.52,"$2,102.10","$3,978.90"
F37637,2,TUE00103,$248.65,$497.30,"$2,202.70"
F37639,5,TP0012,$44.14,$220.69,"$1,654.31"
F37642,1,BB1 1/2X1/2-300W,$220,$220,$242
F37644,2,TUE00340,$281.63,$563.27,"$2,257.93"
F37646,5,BS00011,$30.77,$153.86,"$1,636.14"
F37649,2,TUA00124,$541.44,"$1,082.88","$2,133.12"
F37652,6,TUS00115,$70.12,$420.72,"$2,270.88"
F37655,1,BL00022,$112.11,$112.11,$597.89
F37656,20,PT00047,$244.02,"$4,880.41","$8,061.59"
F37658,2,ECQ-01444,$761.07,"$1,522.13","$4,584.37"
F37662,4,TP0010,$106.55,$426.19,$921.81
F37664,2,TUA00429,$626.37,"$1,252.74","$2,653.78"
F37665,2,TP0011,$143.80,$287.60,$708.40
F37667,1,TUA00419,$327.61,$327.61,"$1,677.89"
F37672,1,BE00016,$60.56,$60.56,$508.41
F37673,2,BL00054,$174.73,$349.45,"$1,350.55"
F37674,6,BO00058,$300.96,"$1,805.76","$3,789.24"
F37676,1,TUE00207,"$1,179.22","$1,179.22",$435.78
F37677,1,TUA00422,$319.43,$319.43,$859.82
F37678,1,TUA00422,$319.43,$319.43,$859.82
F37679,1,TUA00424,$417.02,$417.02,"$1,431.38"
F37680,1,TUA00424,$417.02,$417.02,"$1,431.38"
F37685,4,BP00089,$66.08,$264.34,"$1,724.46"
F37687,1,TU5/16X230MM,$212.44,$212.44,$787.46
F37688,2,P114I1D4A000,$98.65,$197.30,"$1,121.66"
F37692,6,BP00257,$64.98,$389.90,"$1,860.10"
F37692,2,TP0001,$38.96,$77.92,$111.08
F37693,2,TP0002,$51.36,$102.71,$203.29
F37695,2,TP0001,$38.96,$77.92,$118.08
F37697,1,RP00165,"$5,211.65","$5,211.65","$8,788.35"
F37698,1,TP0016,$222,$222,$510
F37699,2,TU5/16X230MM,$200.30,$400.60,"$1,599.22"
F37700,10,TP0005,$87.10,$870.97,"$1,779.83"
F37701,5,TUA00433,$620.47,"$3,102.37","$11,072.63"
F37702,2,CBE00028,$376.35,$752.71,"$1,742.29"
F37702,1,TK00034,$519.02,$519.02,$331.18
F37703,1,BP00259,$89.76,$89.76,$395.54
F37703,1,BP00260,$72.34,$72.34,$497.96
F37708,4,TUA00200,"$1,282.76","$5,131.02","$7,254.98"
F37710,2,TUE00161,$116.97,$233.93,"$3,334.07"
F37711,1,RP00182,"$2,448.37","$2,448.37","$5,454.83"
F37713,3,TUA00099,"$1,273.61","$3,820.84","$6,226.16"
F37714,2,PA00001,"$3,489.32","$6,978.64","$6,821.36"
F37717,1,TR51G1125A00,$97.00,$97.00,$488.13
F37718,4,CS12E2040A00,$71.53,$286.12,"$1,957.88"
F37718,4,CS12F2040A00,$88.34,$353.34,"$1,890.66"
F37719,3,TK00063,$228.89,$686.66,"$1,443.34"
F37722,1,BL00001,$50.94,$50.94,$528.72
F37722,1,BP00258,$45.28,$45.28,$754.72
F37724,3,EE00003,$4.92,$14.76,"$1,170.24"
F37728,6,BOE00012,"$1,137.06","$6,822.37","$11,420.51"
F37728,10,BOE00013,$698.18,"$6,981.76","$16,684.54"
F37730,1,TP0008,$211.36,$211.36,$480.32
F37730,1,TP0022,$410.21,$410.21,$452.12
F37731,1,TP0001,$38.96,$38.96,$81.04
F37734,2,BO00005,"$1,560.44","$3,120.88","$33,879.12"
F37736,25,TP0003,$88.63,"$2,215.69","$1,534.31"
F37737,2,TP0003,$71.25,$142.50,$238.54
F37740,2,TEA00016,$710.34,"$1,420.68","$2,279.32"
F37742,1,RP00184,$102.22,$102.22,$533.99
F37743,3,TEA00017,$502.32,"$1,506.97","$1,247.03"
F37746,8,BN00248,$97.46,$779.66,"$3,420.34"
F37746,2,BN00249,$172.28,$344.57,$645.43
F37746,2,BN00250,$155.02,$310.03,$398.97
F37746,1,BN00251,$177.36,$177.36,$177.14
F37750,3,BP00149,$216.46,$649.37,"$5,946.37"
F37750,4,BP00150,$213.66,$854.65,"$4,187.27"
F37751,2,BE00011,$37.66,$75.32,"$1,485.18"
F37751,2,BE00012,$44.54,$89.08,"$1,509.16"
F37751,2,BE00013,$48.09,$96.18,"$1,547.60"
F37751,2,BE00015,$51.09,$102.18,"$1,576.68"
F37752,1,TP0003,$72.37,$72.37,$118.15
F37753,1,BB1 1/2X1/2-300W,$220,$220,$215
F37755,1,TUS00116,$64.91,$64.91,$462.68
F37756,1,TUS00118,$258.43,$258.43,$946.57
F37757,1,TP0015,$173,$173,$531.50
F37758,18,TUE00319,$714.20,"$12,855.68","$61,844.32"
F37760,2,1517208,$391.24,$782.48,$773.87
F37761,1,TUA00096,$116.73,$116.73,$790.77
F37764,3,TP0024,$48.49,$145.47,$349.53
F37770,1,TP0022,$410.21,$410.21,$452.14
F37772,1,TUE00025,$316.40,$316.40,"$1,235.32"
F37774,1,MA00016,$6.69,$6.69,$532.10
F37775,1,RP00180,$24.00,$24.00,$363.93
F37776,1,RP00171,$258.21,$258.21,$761.79
F37777,60,BOBINA001,$340.80,"$20,448.01","$57,511.19"
F37785,1,BB1 1/2X1/2-300W,$220,$220,$225
F37787,12,TUA00219,$447.47,"$5,369.65","$12,786.35"
F37788,12,TUS00020,$26.95,$323.44,"$5,682.56"
F37791,1,TUA00434,$244.91,$244.91,$811.12
F37802,6,CS12F1040A00,$88.95,$533.70,"$2,841.30"
F37802,6,CS12H1050A00,$91.21,$547.28,"$3,332.32"
F37803,25,ECQ-00972,$366.10,"$9,152.38","$27,730.12"
F37803,1,ECQ-01444,$736.48,$736.48,"$2,316.77"
F37804,10,ECQ-00972,$356.75,"$3,567.53","$11,185.47"
F37804,3,ECQ-01444,$791.10,"$2,373.30","$6,786.45"
F37805,18,TP00019,$236.10,"$4,249.74","$6,910.26"
F37807,2,TUE00162,$517.36,"$1,034.72","$2,764.98"
F37808,4,TUE00348,$305.38,"$1,221.53","$8,612.27"
F37813,1,TUE00105,"$1,306.63","$1,306.63","$3,650.10"
F37814,3,TUS00035,$88.74,$266.21,"$1,706.29"
F37817,1,GAB00014,"$1,516.24","$1,516.24","$19,370.94"
F37817,2,TUA00376,"$2,935.26","$5,870.53","$8,403.47"
F37818,1,TP0040,$137.48,$137.48,$298.24
F37824,1,TP0001,$42.79,$42.79,$77.30
F37827,1,BP00251,$112.24,$112.24,$521.36
F37827,1,BP00252,$111.07,$111.07,$453.64
F37827,1,BP00253,$112.24,$112.24,$521.36
F37827,1,BP00254,$59.54,$59.54,$439.11
F37827,1,BP00255,$110.37,$110.37,$505.63
F37827,1,BP00256,$110.37,$110.37,$487.63
F37829,1,RP00187,$90.16,$90.16,$771.84
F37830,3,TUS00002,$106.52,$319.57,"$1,796.93"
F37831,4,TUS00001,$158.37,$633.46,"$2,188.54"
F37832,1,TUE00081,$359.16,$359.16,"$1,919.29"
F37834,4,TUA00175,$377.29,"$1,509.17","$7,929.63"
F37835,1,TUS00117,$165.15,$165.15,$940.45
F37836,2,BC00010,$360.32,$720.65,"$4,079.35"
F37841,2,RP00150,$0.36,$0.72,"$2,999.28"
F37842,1,BB1 1/2X1/2-300W,$220,$220,$215
F37843,4,MR01934,$161.73,$646.92,"$3,107.20"
F37844,2,BN00064,$47.25,$94.49,$715.91
F37845,1,TP0026,$113.59,$113.59,$244.17
F37852,5,TUS00017,$91.90,$459.50,"$2,669.00"
F37852,3,TUS00018,$98.64,$295.92,"$1,581.18"
F37853,1,TP0002,$51.36,$51.36,$102.09
F37854,25,E1041959,$203.34,"$5,083.38",$18.53
F37858,4,BC00006,"$1,140.93","$4,563.71","$2,849.29"
F37858,5,P231A1D6K200,$251.51,"$1,257.53","$1,737.47"
F37860,4,65014-38,$183.83,$735.34,"$3,664.66"
F37863,2,TUA00435,$755.73,"$1,511.46","$2,470.66"
F37866,1,CM10E2050A00,$70.86,$70.86,$464.26
F37872,2,TUA00420,"$1,830.01","$3,660.03","$4,198.19"
F37876,1,EE00026,$94.84,$94.84,$93.16
F37876,1,TU5/16X203V,$321.87,$321.87,$328.13
F37878,2,TP0011,$144.40,$288.80,$681.20
F37878,1,TP0012,$50.54,$50.54,$259.46
F37880,3,TUA00017,$409.87,"$1,229.62","$1,961.87"
F37882,1,TJ00046,$204.07,$204.07,$703.93
F37882,1,TP0024,$48.49,$48.49,$114.51
F37883,1,TUE00342,$722.38,$722.38,"$1,602.62"
F37884,2,TUE00103,$248.65,$497.30,"$2,202.70"
F37888,2,PJ14F10B0600,$387.87,$775.73,"$1,234.27"
F37888,1,PJ14J10B0600,$404.78,$404.78,$600.22
F37892,1,TUA00148,"$1,125.85","$1,125.85","$1,723.65"
F37898,1,TUE00132,$432.30,$432.30,$832.79
F37899,10,P114Q1H90412,$396.54,"$3,965.36","$5,041.55"
F37900,1,TUS00119,$48.21,$48.21,$478.79
F37903,9,TUA00087,$318.83,"$2,869.44","$8,299.56"
F37906,1,TUE00345,$133.09,$133.09,$987.60
F37908,6,TUE00248,$160.64,$963.82,"$3,716.18"
F37909,1,TJ00090,$403.47,$403.47,$463.56
F37910,1,TUE00351,$148.76,$148.76,$791.24
F37910,1,TUE00352,$148.76,$148.76,$791.24
F37912,25,E1041968,$111.17,"$2,779.23","$1,324.37"
F37914,1,RP00183,$7.60,$7.60,$899.40
F37919,1,RP00137,$107.68,$107.68,$551.92
F37922,3,TUA00124,$647.84,"$1,943.52","$2,773.83"
F37925,4,TP0012,$50.54,$202.16,"$1,037.84"
F37927,4,TUE00207,$493.68,"$1,974.74","$4,485.26"
F37929,1,RC00027,$123.23,$123.23,$637.02
F37933,1,TUE00172,"$4,045.07","$4,045.07","$19,950.17"
F37937,2,PT00082,"$1,214.30","$2,428.60","$2,822.40"
F37938,2,TP0002,$67.57,$135.14,$154.86
F37939,1,TUE00350,$223.66,$223.66,$811.34
F37941,2,BN00252,$183.93,$367.86,$856.14
F37942,5,TUA00436,$333.44,"$1,667.21","$2,457.79"
F37943,2,CAE00039,$842.74,"$1,685.48","$1,373.90"
F37944,6,TEA00099,$217.64,"$1,305.87","$2,914.83"
F37946,1,BC00027,$797.54,$797.54,"$1,952.46"
F37947,3,TUA00099,"$1,319.75","$3,959.26","$6,087.74"
F37951,1,TP0001,$42.79,$42.79,$67.21
F37953,3,CM10D2025A00,$67.31,$201.92,"$1,105.99"
F37953,2,CM10D2030A00,$67.21,$134.42,$847.64
F37958,2,TP0004,$86.23,$172.46,$187.54
F37959,1,TP0024,$48.49,$48.49,$114.51
F37960,1,BL00055,$213.87,$213.87,$462.85
F37961,1,TJ00043,$48.85,$48.85,$951.15
F37962,3,TJ00043,$48.85,$146.54,"$2,853.46"
F37964,10,TUS00003,$46.14,$461.36,"$6,490.64"
F37966,1,BB1 1/2X1/2-300W,$220,$220,$242
F37967,20,E1041960,$210.95,"$4,218.97",$657.43
F37970,1,CS14E1020A00,$28.90,$28.90,$439.20
F37971,2,P231F1H6AB00,$671.48,"$1,342.97","$1,447.73"
F37972,3,TUA00079,$249.07,$747.21,"$2,364.10"
F37977,18,TUE00319,$714.20,"$12,855.68","$61,844.32"
F37978,6,TUE00248,$160.64,$963.82,"$3,716.18"
F37980,10,TP0003,$72.37,$723.67,"$1,776.33"
F37985,4,BO00059,$199.22,$796.86,"$4,299.70"
F37987,2,CAE00039,$842.74,"$1,685.48","$1,373.90"
F37990,2,TUA00412,$143.09,$286.18,"$1,323.82"
F37990,1,TUA00440,$148.02,$148.02,$663.98
F37990,1,TUS00120,$38.92,$38.92,$548.08
F37991,2,TP0002,$51.36,$102.71,$204.19
F37996,2,TUA00124,$517.64,"$1,035.28","$2,109.62"
F37997,1,RM00038,$921.37,$921.37,"$6,481.35"
F38000,2,TUA00376,"$2,935.26","$5,870.53","$8,395.81"
F38001,5,TP0025,$76.46,$382.32,$652.68
F38003,1,TUS00048,$36.00,$36.00,$586.00
F38004,1,TUE00258,$67.21,$67.21,"$1,141.04"
F38005,3,TP00011,$509.98,"$1,529.93","$6,270.07"
F38005,5,TUE00261,$694.60,"$3,472.99","$28,027.01"
F38008,2,TUA00437,$242.78,$485.55,"$1,484.45"
F38012,1,TUE00336,$722.34,$722.34,"$3,115.06"
F38014,5,PT00083,$518.59,"$2,592.94","$2,300.06"
F38021,2,PA00001,"$3,624.09","$7,248.18","$6,551.82"
F38023,1,TP0011,$144.40,$144.40,$276.29
F38026,1,BP00261,$841.63,$841.63,$914.37
F38029,1,TUA00438,$567.27,$567.27,"$1,130.44"
F38030,1,TP0011,$144.40,$144.40,$340.60
F38036,2,TP0012,$50.54,$101.08,$694.92
F38042,12,CAE00040,$333.20,"$3,998.41","$8,265.59"
F38043,2,TUE00034,$504.53,"$1,009.05","$3,984.95"
F38046,7,ECQ-00971,$374.14,"$2,619.00","$4,213.00"
F38046,4,ECQ-01444,$852.37,"$3,409.48","$8,803.52"
F38047,35,ECQ-00972,$335.51,"$11,742.95","$39,892.55"
F38047,10,ECQ-01444,$791.10,"$7,911.01","$22,621.49"
F38048,1,TUE00344,$928.07,$928.07,"$2,466.93"
F38058,10,CS38C1008A00,$61.88,$618.84,"$4,267.36"
F38059,2,BB00095,$42.99,$85.97,$646.03
F38061,2,PT31B1D5A400,$11.02,$22.03,$531.79
F38062,6,TP0025,$76.74,$460.41,$781.59
F38064,1,TP0016,$222,$222,$510
F38065,1,RM00022,$33.79,$33.79,$393.21
F38066,2,TK00062,$112.64,$225.28,$803.22
F38067,5,TP0011,$144.40,$722,"$1,703"
F38067,1,TP0012,$50.54,$50.54,$259.46
F38069,1,BP00260,$72.34,$72.34,$820.66
F38073,17,E1041960,$210.95,"$3,586.12",$562.22
F38074,4,TUA00021,"$1,168.41","$4,673.63","$6,908.25"
F38082,4,TUA00009,"$1,048.40","$4,193.61","$4,550.39"
F38083,1,TP0001,$42.79,$42.79,$77.33
F38085,6,TUA00258,$319.29,"$1,915.76","$11,149.24"
F38086,2,BN00254,$145.86,$291.71,$954.69
F38089,10,TP0025,$98.63,$986.31,"$2,322.19"
F38090,1,TUA00441,$406.12,$406.12,"$1,638.08"
F38092,1,BP00215,$97.53,$97.53,$550.77
F38092,1,RP00191,$10.70,$10.70,$408.30
F38094,1,TP0025,$98.63,$98.63,$126.37
F38096,1,RC00013,$136.98,$136.98,$597.52
F38097,2,EE00021,"$2,227.85","$4,455.70","$23,144.30"
F38102,2,TUA00442,$305.31,$610.62,"$1,705.76"
F38104,15,TP0025,$90.91,"$1,363.68","$1,741.32"
F38109,1,RP00195,$42.35,$42.35,$592.15
F38111,4,RM00022,$33.79,$135.17,"$1,572.83"
F38112,1,RP00194,$3.80,$3.80,$297.27
F38113,1,TUA00443,$344.32,$344.32,$961.71
F38114,20,TEA00006,$131.87,"$2,637.36","$4,462.64"
F38115,6,RC00012,$224.13,"$1,344.78","$7,355.22"
F38116,1,TU5/16X230MM,$200.30,$200.30,$799.65
F38119,5,EE00055,$113.06,$565.29,"$1,484.71"
F38122,1,TEA00096,$773.91,$773.91,"$1,426.09"
F38124,5,PT00083,$477.85,"$2,389.27","$2,503.73"
F38124,5,TEA00100,$136.25,$681.25,"$2,978.75"
F38127,1,TP0002,$62.82,$62.82,$90.43
F38129,1,CS12D2040A01,$101.40,$101.40,$562.48
F38130,1,TUA00439,$483.67,$483.67,"$1,541.53"
F38131,6,TEA00099,$217.64,"$1,305.87","$2,914.83"
F38132,5,TP0011,$144.40,$722,"$1,718"
F38134,2,TP0002,$62.82,$125.64,$181.26
F38135,10,TJ00063,$46.17,$461.74,"$9,478.26"
F38140,5,PK31A1I1A000,$286.82,"$1,434.11","$1,322.14"
F38141,2,BC00027,$797.54,"$1,595.08","$3,904.92"
F38142,2,BB00101,$36.52,$73.04,$876.96
F38145,1,TUE00081,$701.72,$701.72,"$1,576.73"
F38147,4,CAE00011,$88.03,$352.13,"$1,147.87"
F38148,1,RP00197,"$1,368.31","$1,368.31","$4,904.69"
F38149,1,TUS00121,$33.75,$33.75,$499.01
F38155,1,BP00263,$80.09,$80.09,$525.31
F38159,2,TU5/16X870J127V,$227.18,$454.37,$924.89
F38160,1,RP00196,"$5,301.49","$5,301.49","$8,475.39"
F38161,2,CS58M2050A11,$172.13,$344.27,"$1,523.43"
F38161,2,PJ000GE1A400,$58.36,$116.73,$553.27
F38170,1,TP00021,$330.09,$330.09,"$1,613.91"
F38170,1,TP00022,$453.27,$453.27,"$1,679.98"
F38171,1,BB1 1/2X1/2-300W,$253,$253,$171
F38177,1,93980461,"$1,261.99","$1,261.99",$806.51
F38178,1,93980461,"$1,261.99","$1,261.99",$806.51
F38179,2,54020219,"$1,067.99","$2,135.98","$2,792.42"
F38180,2,54020219,"$1,130.54","$2,261.08","$2,667.32"
F38186,3,TUA00131,"$2,061.24","$6,183.72","$7,556.28"
F38189,1,RP00193,$518.74,$518.74,"$1,806.60"
F38191,1,TUE00353,$60.64,$60.64,$503.46
F38194,4,TUE00207,$685.68,"$2,742.70","$3,717.30"
F38195,1,TUE00354,$295.91,$295.91,"$1,155.74"
F38196,2,PJ000GH1A000,$206.11,$412.22,$731.78
F38196,2,PJ000GJ1A000,$363.09,$726.18,$897.82
F38196,2,PT00084,$599.82,"$1,199.64","$1,896.36"
F38200,8,PT00010,$83.98,$671.87,"$4,304.13"
F38201,5,TUA00127,$236.74,"$1,183.69","$3,746.31"
F38204,8,TUA00321,$279.88,"$2,239.06","$6,824.94"
F38205,2,MR01934,$165.95,$331.90,"$1,545.16"
F38208,3,TP0001,$42.79,$128.38,$324.20
F38209,1,RP00002,"$4,434.97","$4,434.97","-$3,960.83"
F38215,4,ECQ-01444,$806.14,"$3,224.57","$8,988.43"
F38216,1,TUA00311,$324.05,$324.05,"$1,202.72"
F38217,6,TUE00068,$190.25,"$1,141.51","$5,386.49"
F38221,60,CAS00080,$244.07,"$14,643.92","$63,116.08"
F38228,1,TUS00090,$170.19,$170.19,$518.81
F38229,20,TEA00058,$181.72,"$3,634.36","$7,925.64"
F38230,1,BB1 1/2X1/2-300W,$253,$253,$132
F38233,15,70001694,$101.07,"$1,516.01","$4,588.99"
F38234,8,70001692,$113.69,$909.55,"$3,434.45"
F38235,6,70001684,$115.41,$692.44,"$7,497.56"
F38236,1,RP00198,$168.70,$168.70,$971.18
F38239,10,CAS00034,$117.49,"$1,174.89","$6,725.11"
F38240,2,TP0003,$77.57,$155.15,$264.85
F38241,28,TP0022,$335.46,"$9,392.95","$14,752.85"
F38245,1,TEA00101,$149.98,$149.98,$467.22
F38246,2,TP0016,$222,$444,"$1,020"
F38247,2,TUS00122,$30.65,$61.30,"$1,104.56"
F38248,3,TUS00122,$30.65,$91.95,"$1,656.84"
F38249,1,TP0005,$97.49,$97.49,$167.59
F38256,2,CS58G1030A00,$114.65,$229.29,$955.71
F38261,3,TU5/16X203V,$321.87,$965.61,$960.39
F38265,2,BP00264,$104.40,$208.80,"$1,780.00"
F38276,2,CAS00043,$65.47,$130.94,"$1,134.06"
F38277,6,47980249,$287.63,"$1,725.78","$4,154.22"
F38278,4,47980626,$471.48,"$1,885.91","$2,636.09"
F38279,2,MR8-250-11-13,$160.02,$320.04,"$1,359.96"
F38281,4,TUA00449,$710.13,"$2,840.53","$4,529.47"
F38281,2,TUA00450,$736.20,"$1,472.41","$2,356.59"
F38282,10,TUA00049,$244.63,"$2,446.31","$9,946.69"
F38283,8,CBE00012,$213.38,"$1,707.07","$6,668.93"
F38283,5,CBE00040,$213.77,"$1,068.83","$3,756.17"
F38284,2,TK00065,$62.28,$124.56,$907.44
F38288,1,TP0040,$171.87,$171.87,$281.37
F38291,5,47980075,"$1,952.03","$9,760.13","$28,303.52"
F38293,16,47980249,$295.95,"$4,735.23","$10,944.77"
F38294,6,CAS00079,$62.40,$374.39,"$5,085.61"
F38295,1,TUE00101,$407.85,$407.85,$733.01
F38296,4,AK00012,$116.78,$467.13,"$2,532.87"
F38297,2,TUA00445,$848.30,"$1,696.61","$2,513.99"
F38300,1,CBE00039,$208.61,$208.61,$567.00
F38302,2,TJ00091,$59.77,$119.54,$681.74
F38309,2,TU5/16X230MM,$200.30,$400.60,"$1,599.22"
F38312,36,TUE00146,$266.04,"$9,577.26","$42,622.74"
F38315,1,TUA00325,"$3,900.52","$3,900.52","$8,599.48"
F38317,2,BN00256,$79.79,$159.57,"$1,128.43"
F38317,2,BN00257,$83.72,$167.44,$974.16
F38317,1,BP00263,$80.09,$80.09,$525.31
F38321,1,BB1 1/2X1/2-300W,$253,$253,$172
F38324,1,RP00201,$55.83,$55.83,$507.67
F38327,1,BB1 1/2X1/2-300W,$253,$253,$171
F38329,12,TUA00436,$332.90,"$3,994.81","$5,905.19"
F38336,1,TU5/16X230MM,$200.30,$200.30,$799.61
F38342,1,RP00202,$7.60,$7.60,$732.06
F38343,10,CS58P2120A01,$206.22,"$2,062.24","$7,302.26"
F38344,30,BOBINA001,$378.12,"$11,343.64","$27,635.96"
F38346,1,TUA00444,$602.39,$602.39,"$3,065.61"
F38347,2,CS14D2017B20,$68.34,$136.67,"$1,488.39"
F38349,4,TP0011,$135.69,$542.76,"$1,397.24"
F38349,4,TP0012,$54.80,$219.20,"$1,280.80"
F38351,4,TP0006,$432,"$1,728",-$522
F38352,1,RP00203,"$199,335.56","$199,335.56","-$166,753.38"
F38353,2,TUE00362,$47.70,$95.40,"$1,032.80"
F38357,2,TEE00027,$717.66,"$1,435.32","$3,000.68"
F38358,1,TU5/16X230MM,$200.30,$200.30,$799.61
F38364,1,TP0001,$42.79,$42.79,$51.71
F38365,1,TUA00438,$562.77,$562.77,"$1,134.94"
F38368,2,TUA00439,$483.67,$967.34,"$3,083.06"
F38372,4,TUS00005,$174.94,$699.77,"$2,496.63"
F38373,3,TU5/16X203V,$321.87,$965.61,$960.39
F38374,6,BO00061,$89.98,$539.86,"$8,730.14"
F38375,1,TUE00363,$752.71,$752.71,"$2,273.89"
F38380,3,CS14D2017B20,$111.07,$333.20,"$2,104.39"
F38386,1,BB1 1/2X1/2-300W,$253,$253,$132
F38388,2,BO00064,$7.20,$14.40,"$1,295.60"
F38390,10,BO00062,$43.24,$432.37,"$4,612.63"
F38391,12,CBS00098,$120.27,"$1,443.18","$5,716.02"
F38392,1,TP0011,$135.69,$135.69,$374.31
F38393,20,ECQ-00972,$355.29,"$7,105.79","$22,400.21"
F38393,2,ECQ-00974,"$1,465.29","$2,930.59","$4,529.41"
F38395,1,TP0025,$92.33,$92.33,$152.67
F38399,1,TUA00446,$227.74,$227.74,"$1,182.26"
F38401,2,CAS00068,$65.63,$131.25,"$1,526.69"
F38401,2,CAS00069,$654.97,"$1,309.94",$788.66
F38401,2,CAS00070,$23.77,$47.53,"$1,216.15"
F38401,2,CAS00071,$67.69,$135.37,"$1,465.01"
F38403,5,TP0002,$62.82,$314.09,$590.91
F38403,5,TP0003,$77.57,$387.87,$737.13
F38404,1,TUA00124,$668.43,$668.43,$904.02
F38407,4,PK51H1JBA600,$835.04,"$3,340.17","$3,059.83"
F38408,6,TEE00028,$381.64,"$2,289.82","$4,148.18"
F38408,6,TUS00123,$257.09,"$1,542.56","$4,433.44"
F38412,2,CAS00081,$197.63,$395.26,$719.74
F38412,1,TP0024,$48.49,$48.49,$143.51
F38417,2,TP0012,$54.80,$109.60,$510.40
F38418,2,BN00258,$86.18,$172.35,"$1,333.73"
F38424,6,TUA00447,$629.46,"$3,776.75","$5,523.25"
F38424,6,TUA00448,$595.77,"$3,574.62","$5,425.38"
F38425,1,TUE00362,$48.03,$48.03,$516.07
F38426,1,TP0009,$205.20,$205.20,$315.84
F38427,4,TP0011,$135.69,$542.76,"$1,397.24"
F38427,4,TP0012,$54.80,$219.20,"$1,020.80"
F38428,3,TP0003,$77.57,$232.72,$232.28
F38432,4,CM10G1030A00,$77.80,$311.18,"$1,847.22"
F38433,2,TUA00457,$246.69,$493.38,"$2,266.62"
F38435,15,TP0025,$92.24,"$1,383.54","$3,578.46"
F38436,2,BP00246,$42.65,$85.29,$604.71
F38436,2,BP00247,$155.39,$310.77,"$1,678.51"
F38436,2,BP00263,$80.09,$160.18,"$1,050.62"
F38437,1,TUA00413,$177.85,$177.85,$557.80
F38438,2,TU5/16X203V240W,$331.33,$662.65,$554.85
F38440,30,EE00059,$117.09,"$1,170.90","$6,929.10"
F38443,4,BO00063,$798.08,"$3,192.33",-$38.41
F38443,1,RB00021,$670.74,$670.74,"$2,147.66"
F38447,1,CS14D2017B20,$111.07,$111.07,$701.36
F38454,6,TUA00453,$236.06,"$1,416.34","$4,763.66"
F38455,4,CS14E1012A00,$32.24,$128.97,"$1,702.31"
F38456,2,TEA00103,$87.04,$174.08,"$2,765.92"
F38457,2,TUA00009,"$1,072.93","$2,145.86","$2,226.14"
F38458,10,PT00057,$144.19,"$1,441.92","$2,308.08"
F38459,3,CAE00011,$122.35,$367.04,$757.96
F38464,10,TT00009,$236.03,"$2,360.31","$5,602.19"
F38464,10,TT00010,$237.87,"$2,378.73","$6,126.27"
F38466,2,P9K1J1D1G030,$76.68,$153.36,"$1,116.64"
F38469,1,TU5/16X870J127V,$227.18,$227.18,$475.41
F38471,1,P214J1BBA600,$521.59,$521.59,$743.41
F38472,2,BN00260,$174.16,$348.32,"$1,001.68"
F38472,2,BN00261,$91.63,$183.26,"$1,208.74"
F38474,9,CS38C1008A00,$61.88,$556.96,"$3,840.62"
F38475,6,TJ00029,$171.66,"$1,029.98","$3,230.02"
F38477,3,TUA00099,"$1,273.61","$3,820.84","$6,226.16"
F38477,2,TUA00191,"$1,304.15","$2,608.29","$2,721.71"
F38480,1,TP0005,$97.49,$97.49,$338.23
F38482,1,BP00215,$97.53,$97.53,$550.77
F38482,1,RP00191,$10.70,$10.70,$408.30
F38484,100,BOBINA002,$18.14,"$1,813.59","$35,136.41"
F38484,5,BOBINA003,$514.77,"$2,573.85","$19,930.55"
F38487,4,TUS00016,$114.05,$456.18,"$2,046.62"
F38487,5,TUS00017,$100.68,$503.40,"$2,625.10"
F38487,6,TUS00018,$98.64,$591.85,"$3,162.35"
F38488,2,PA00011,$546.03,"$1,092.06","$1,943.94"
F38488,1,PA00012,"$1,220.15","$1,220.15","$1,556.50"
F38489,1,TUA00458,$473.55,$473.55,"$1,534.45"
F38491,6,PT31B1G1AG00,$152.07,$912.43,"$2,609.57"
F38492,4,PT00087,$230.29,$921.15,"$2,200.85"
F38493,1,TUA00459,$345.97,$345.97,$819.98
F38495,1,TUA00461,$322.13,$322.13,$789.87
F38497,4,TUE00171,$192.93,$771.72,"$4,245.08"
F38499,1,TP0012,$54.80,$54.80,$255.20
F38501,3,TP0011,$141.30,$423.89,"$1,031.11"
F38502,3,TUA00460,$185.81,$557.42,"$2,206.69"
F38505,1,TUE00004,$123.23,$123.23,$395.73
F38507,7,ECQ-01444,$773.12,"$5,411.87","$15,960.89"
F38509,1,TEA00004,$665.36,$665.36,$388.64
F38513,2,BN00216,$276.18,$552.36,$495.34
F38514,2,TUA00009,$925.21,"$1,850.42","$2,521.58"
F38516,1,BL00012,$136.58,$136.58,$591.00
F38517,1,PJ31F1F1A400,$82.32,$82.32,$260.68
F38524,3,ECQ-00971,$405.35,"$1,216.06","$1,711.94"
F38528,1,TP0016,$260.20,$260.20,$471.80
F38531,1,TUA00459,$345.97,$345.97,$819.98
F38534,2,BL00057,$27.79,$55.57,$753.73
F38534,2,BL00058,$65.25,$130.51,"$1,166.49"
F38534,2,BP00265,$64.34,$128.69,"$1,168.31"
F38534,2,BP00266,$64.34,$128.69,"$1,258.01"
F38536,1,TP0007,$210.24,$210.24,$365.79
F38536,1,TP0008,$265.64,$265.64,$391.48
F38536,1,TP0009,$205.20,$205.20,$294.50
F38537,1,BS00012,$76.36,$76.36,$583.24
F38542,10,ABRAZA01,$15.03,$150.32,"$1,079.68"
F38543,20,TEA00006,$133.05,"$2,660.93","$4,439.07"
F38544,15,TEA00006,$133.05,"$1,995.70","$3,329.30"
F38545,1,93980461,"$1,357.10","$1,357.10",$711.40
F38546,2,54020219,"$1,130.54","$2,261.08","$2,667.32"
F38547,6,47980249,$295.59,"$1,773.52","$4,106.48"
F38549,1,EE00060,$185.06,$185.06,$888.98
F38553,4,PJ000NH1A400,$42.63,$170.50,"$2,985.02"
F38557,1,P131B1I14000,$297.42,$297.42,$429.89
F38558,1,TP0012,$54.80,$54.80,$569.47
F38561,1,PJ000GH1A000,$206.11,$206.11,$365.89
F38561,6,PJ000GJ1A000,$363.09,"$2,178.55","$2,693.45"
F38562,1,PT00063,$671.28,$671.28,$876.72
F38566,2,BS00010,$66.99,$133.98,"$1,186.02"
F38576,2,BN00263,$172.53,$345.06,"$2,027.28"
F38576,3,BP00267,$202.71,$608.14,"$1,416.86"
F38577,5,MR01934,$161.73,$808.65,"$3,884.00"
F38578,8,TUA00318,$675.99,"$5,407.95","$7,921.49"
F38580,1,TUA00459,$345.97,$345.97,$819.98
F38583,54,CAS00083,$131.45,"$7,098.51","$25,685.11"
F38583,27,CAS00084,$137.76,"$3,719.48","$12,791.35"
F38583,3,CAS00085,$203.69,$611.06,"$1,649.18"
F38583,3,CAS00086,$126.45,$379.36,"$1,227.08"
F38586,3,TP0011,$144.40,$433.20,"$1,284.30"
F38588,1,PT00088,$323.11,$323.11,$470.89
F38588,1,TUE00364,$165.65,$165.65,$775.35
F38590,4,BP00070,$110.15,$440.58,"$2,104.62"
F38602,1,TP0040,$171.87,$171.87,$228.13
F38602,2,TUA00376,"$2,549.57","$5,099.14","$9,167.20"
F38604,3,TJ00092,$156.34,$469.01,"$1,924.99"
F38605,1,TP0001,$42.79,$42.79,$96.21
F38606,3,CBS00104,$150.16,$450.49,"$1,909.61"
F38609,4,PT00034,$255.13,"$1,020.51","$7,399.49"
F38612,5,AJ00010,$216.25,"$1,081.24","$2,178.77"
F38612,4,TUE00367,$195.43,$781.73,"$3,092.27"
F38613,2,TEE00017,"$1,389.60","$2,779.20","$1,657.34"
F38615,10,PT00047,$257.60,"$2,575.95","$5,524.05"
F38616,11,TUA00177,$384.87,"$4,233.54","$12,843.96"
F38617,1,TP0012,$54.80,$54.80,$293.20
F38620,1,RP00205,"$1,195","$1,195","$1,925"
F38622,1,TP0005,$97.49,$97.49,$217.51
F38622,2,TP0040,$171.87,$343.73,$527.71
F38625,1,TU5/16X215V240W,$316.45,$316.45,$810.55
F38633,1,TUE00105,"$1,306.63","$1,306.63","$3,650.10"
F38636,4,70001694,$155.25,$620.99,"$1,007.01"
F38636,4,70001696,$132.16,$528.65,"$1,636.35"
F38636,4,CBE00041,$203.04,$812.15,"$4,647.85"
F38636,4,CBS00056,$122.18,$488.72,"$2,238.28"
F38637,1,RP00206,$649.31,$649.31,"$2,550.69"
F38637,2,RP00207,$590.21,"$1,180.41","$5,219.59"
F38637,1,RP00208,$595.74,$595.74,"$2,604.26"
F38637,1,TUE00061,$585.92,$585.92,"$2,935.68"
F38638,30,BOBINA001,$429.81,"$12,894.24","$26,085.36"
F38638,3,TEA00023,$788.54,"$2,365.62","$10,384.38"
F38639,1,PT00033,$244.91,$244.91,$601.29
F38641,2,CS38K2025A2D,$270.68,$541.35,"$1,560.03"
F38641,2,TUE00366,$230.70,$461.40,"$3,803.70"
F38642,4,PA00008,$790.28,"$3,161.13","$11,438.87"
F38642,4,PA00009,$753.71,"$3,014.83","$9,985.17"
F38643,5,PA00005,$703.11,"$3,515.54","$9,234.46"
F38645,2,TP0002,$67.57,$135.14,$174.86
F38646,21,TUA00464,$264.47,"$5,553.86","$13,689.70"
F38648,1,TUE00172,"$5,169.85","$5,169.85","$20,088.30"
F38649,4,TUE00247,$324.71,"$1,298.83","$2,546.97"
F38651,1,BP00259,$89.76,$89.76,$395.44
F38651,1,BP00260,$72.34,$72.34,$497.96
F38652,1,BP00259,$89.76,$89.76,$395.44
F38652,1,BP00260,$72.34,$72.34,$497.96
F38653,6,PJ31A1I1A400,$236.20,"$1,417.21","$2,698.79"
F38657,2,BB2X2ST,$220,$440,$484
F38663,2,TUA00463,"$1,931.62","$3,863.23","$4,514.03"
F38665,1,RP00165,$277.50,$277.50,"$13,722.50"
F38669,12,TUA00436,$333.00,"$3,995.98","$5,904.02"
F38672,10,PT00047,$257.60,"$2,575.95","$5,524.05"
F38675,1,TUE00061,"$1,225.86","$1,225.86","$2,295.74"
F38683,10,TP0025,$92.33,$923.31,"$1,146.69"
F38688,4,PT00089,$282.91,"$1,131.63","$3,688.37"
F38690,5,PJ04F1H1A400,$223.92,"$1,119.59","$1,807.92"
F38690,5,PK04F1H1A400,$249.92,"$1,249.59","$1,990.42"
F38692,1,TUA00438,$567.27,$567.27,"$1,130.44"
F38698,5,WRE-2774,$75.77,$378.86,"$3,727.64"
F38700,1,RM00043,$193.86,$193.86,"$3,931.14"
F38702,1,TUE00369,$197.36,$197.36,"$1,171.82"
F38704,2,BL00059,$55.23,$110.46,"$1,661.54"
F38704,2,BP00239,$36.80,$73.59,"$1,316.41"
F38704,2,BP00263,$80.09,$160.18,"$1,169.82"
F38705,1,EE00063,"$1,721.28","$1,721.28","$17,147.72"
F38706,1,MA00021,$179.31,$179.31,$420.69
F38706,10,P114R1AB0600,$514.93,"$5,149.29","$7,350.71"
F38708,6,CAS00068,$301.16,"$1,806.93","$3,665.07"
F38708,6,CAS00069,$750.38,"$4,502.25","$2,421.75"
F38708,6,CAS00070,$43.88,$263.28,"$3,912.72"
F38708,6,CAS00071,$215.26,"$1,291.57","$4,036.43"
F38709,10,70001690,$128.74,"$1,287.37","$3,802.63"
F38709,6,70001694,$122.67,$736.00,"$1,706.00"
F38711,16,97020238,$490.50,"$7,848.04","$23,175.96"
F38716,3,TUA00468,$330.66,$991.99,"$2,200.01"
F38727,5,TP0011,$144.40,$722,"$1,703"
F38727,5,TP0012,$54.80,$274,"$1,276"
F38736,7,TUE00368,$244.61,"$1,712.29","$7,051.71"
F38741,3,RPISTOLA01,$82.15,$246.45,"$1,913.55"
F38744,1,TUA00222,$335.77,$335.77,$879.73
F38748,10,TP0003,$74.45,$744.50,"$1,105.50"
F38758,5,TP0001,$42.79,$213.97,$411.03
F38758,2,TP0003,$72.37,$144.73,$181.27
F38758,3,TP0005,$97.49,$292.48,$421.52
F38760,3,TP0011,$144.20,$432.60,"$1,055.40"
F38762,4,ECQ-00971,$396.78,"$1,587.10","$2,316.90"
F38762,30,ECQ-00972,$291.48,"$8,744.54","$35,514.46"
F38763,4,ECQ-00971,$374.14,"$1,496.57","$2,407.43"
F38763,20,ECQ-00972,$290.21,"$5,804.18","$23,701.82"
F38763,4,ECQ-01444,$844.23,"$3,376.92","$8,836.08"
F38764,2,TP0002,$62.82,$125.64,$184.36
F38771,4,PJ31L1H1G400,$227.21,$908.84,"$3,119.16"
F38773,1,TUS00125,$156.55,$156.55,$696.45
F38777,4,TUA00175,$338.22,"$1,352.89","$8,085.91"
F38778,1,TUA00471,$301.83,$301.83,$838.03
F38780,4,RPISTOLA01,$82.15,$328.60,"$2,551.40"
F38784,3,54020219,"$1,135.53","$3,406.59","$3,986.01"
F38785,2,93980461,"$1,261.99","$2,523.98","$1,613.02"
F38786,4,70001691,$91.50,$366.02,"$1,287.58"
F38789,1,TJ00093,$181.44,$181.44,$603.56
F38791,1,TUA00470,"$1,884.35","$1,884.35","$4,025.49"
F38792,2,TUA00467,$628.80,"$1,257.60","$3,214.20"
F38794,12,TUA00453,$282.47,"$3,389.64","$8,970.36"
F38795,2,BN00264,$82.37,$164.74,$705.26
F38796,1,TUA00469,"$2,121.33","$2,121.33","$3,129.95"
F38797,30,BOBINA001,$430.03,"$12,900.92","$26,078.68"
F38800,1,RP00209,$73.01,$73.01,"$1,246.99"
F38801,1,TP0018,$72.97,$72.97,$410.58
F38803,1,TP0003,$72.37,$72.37,$82.63
F38806,5,65014-40,$150.77,$753.85,"$1,696.15"
F38806,4,67234-15,$32.38,$129.51,"$1,098.49"
F38807,1,PJ06C1CHB000,$31.14,$31.14,$630.06
F38809,2,TUA00065,$572.12,"$1,144.25","$2,248.25"
F38809,1,TUA00066,$917.05,$917.05,"$1,373.07"
F38814,1,TUE00081,$469.69,$469.69,"$1,808.76"
F38816,15,TUE00370,$86.15,"$1,292.21","$9,732.79"
F38817,4,CM65C1020B02,$210.34,$841.34,"$5,506.66"
F38821,3,TEA00044,$438.86,"$1,316.59","$3,479.66"
F38821,3,TEE00024,"$1,149.73","$3,449.19","$3,204.81"
F38824,1,AK00013,$110.45,$110.45,$674.55
F38826,21,TUA00464,$264.47,"$5,553.86","$13,689.70"
F38829,2,TP00007,$345.81,$691.62,-$1.62
F38829,2,TUE00372,$90.71,$181.42,"$1,393.58"
F38832,1,TP0002,$62.95,$62.95,$91.36
F38836,1,TP0001,$48.20,$48.20,$71.80
F38837,2,BO00047,$183.81,$367.61,"$2,941.07"
F38837,3,BO00066,$0,$0,"$7,444.77"
F38838,4,47980626,$457.78,"$1,831.12","$2,690.88"
F38841,1,TUE00371,$249.45,$249.45,"$1,034.55"
F38850,1,TUE00172,"$2,754.67","$2,754.67","$22,503.48"
F38851,1,TP0007,$210.24,$210.24,$457.76
F38853,1,BN00158,$120.77,$120.77,$637.73
F38854,3,BO00044,$10.82,$32.46,"$1,542.54"
F38857,6,TUE00075,$43.81,$262.85,"$3,488.35"
F38857,3,TUE00198,$48.94,$146.81,"$1,728.79"
F38861,1,TP0003,$78.65,$78.65,$76.35
F38862,3,TUE00122,$227.62,$682.85,"$2,266.15"
F38863,1,TJ00081,$66.88,$66.88,$468.12
F38864,1,TP0001,$48.20,$48.20,$76.80
F38864,1,TP0002,$62.95,$62.95,$92.05
F38867,1,TUE00267,"$6,587.67","$6,587.67","-$5,538.70"
F38868,2,TUA00472,$348.70,$697.40,"$1,415.30"
F38871,2,TUA00437,$242.78,$485.55,"$1,484.45"
F38874,1,PJ06C1CHB000,$31.14,$31.14,$630.06
F38876,20,PT00011,$185.95,"$3,719.07","$14,980.93"
F38880,6,TUA00258,$457.71,"$2,746.25","$10,318.75"
F38881,3,BN00055,$182.87,$548.62,"$5,424.38"
F38882,10,ABRAZA01,$4.80,$48.02,"$1,181.99"
F38883,3,TUS00001,$135.18,$405.53,"$1,710.97"
F38883,3,TUS00002,$136.60,$409.80,"$1,706.70"
F38884,7,TP0007,$210.24,"$1,471.68","$2,770.32"
F38887,1,TP0016,$260.20,$260.20,$552.80
F38889,8,CBS00043,$216.17,"$1,729.33","$4,389.07"
F38890,1,TP0005,$97.49,$97.49,$167.59
F38891,1,TP0015,$173,$173,$424
F38892,5,TUA00134,$333.77,"$1,668.85","$6,087.15"
F38894,1,BN00265,$369.86,$369.86,"$1,214.74"
F38900,2,RP00212,$88.53,$177.06,"$1,172.58"
F38910,2,BOBINA004,"$2,613.60","$5,227.20","$31,738.36"
F38912,3,RPISTOLA01,$129.95,$389.85,"$1,770.15"
F38913,1,BC00029,$0,$0,"$9,700"
F38914,1,TP00012,$223.04,$223.04,$429.96
F38923,2,TUE00373,$43.93,$87.87,"$2,112.13"
F38924,2,TUA00009,"$1,062.78","$2,125.57","$2,246.43"
F38925,10,MA00001,$144.47,"$1,444.71","$2,071.69"
F38932,2,EE00067,$360.69,$721.38,"$3,227.24"
F38932,1,EE00068,$886.73,$886.73,"$1,987.58"
F38937,2,CBE00032,$610.78,"$1,221.56","$3,208.44"
F38938,2,BB1 1/2X1/2-300W,$253,$506,$418
F38941,4,TEE00017,"$1,204.71","$4,818.85","$4,054.23"
F38946,2,TUE00374,$71.02,$142.04,"$1,083.16"
F38947,5,TUE00216,"$1,048.90","$5,244.49","$10,755.51"
F38948,12,CBS00075,$126.46,"$1,517.55","$7,854.45"
F38949,15,CS58K2105AA1,$191.22,"$2,868.30","$14,831.70"
F38950,20,ECQ-00972,$314.44,"$6,288.76","$23,217.24"
F38951,20,PT00090,$363.31,"$7,266.24","$15,625.36"
F38954,20,TP0025,$92.32,"$1,846.35","$4,769.65"
F38957,4,TUE00034,$741.05,"$2,964.18","$7,520.42"
F38958,2,TJ00094,$119.95,$239.89,$798.39
F38959,1,TUA00462,$470.05,$470.05,$973.25
F38959,1,TUE00365,$217.51,$217.51,$815.49
F38961,1,TK00066,$39.22,$39.22,$255.78
F38967,10,TP0004,$84.41,$844.11,"$3,015.89"
F38968,1,TP0016,$260.20,$260.20,$552.90
F38969,1,TUA00249,"$1,216.54","$1,216.54","$2,234.20"
F38970,1,TP0003,$78.65,$78.65,$146.35
F38973,1,RC00030,$927.84,$927.84,"$1,328.51"
F38977,3,TP0016,$260.20,$780.60,"$1,415.40"
F38984,12,CS34S2075A00,$240.58,"$2,887.02","$6,052.99"
F38984,10,CS34S2100A00,$226.80,"$2,268.00","$6,374.00"
F38986,2,TU5/16X230MM,$226.23,$452.46,"$1,547.35"
F38995,1,47980590,$693.77,$693.77,"$1,106.23"
F38996,1,93980461,"$1,261.99","$1,261.99",$806.51
F38996,1,93980465,"$1,165.13","$1,165.13","$2,047.87"
F38997,4,54020219,"$1,067.99","$4,271.95","$5,584.85"
F38998,20,PT00047,$313.65,"$6,273.10","$9,926.90"
F38999,1,P25601AB0600,$521.55,$521.55,$553.76
F39004,8,CS12N1050A00,$127.11,"$1,016.90","$5,011.10"
F39005,1,TUS00126,$42.80,$42.80,$455.09
F39006,3,BC00010,$679.75,"$2,039.25","$5,160.75"
F39007,2,RB00003,$100.13,$200.26,"$1,093.74"
F39007,2,RB00010,$894.91,"$1,789.82",-$495.82
F39008,2,CS12F1040A00,$102.31,$204.63,$920.37
F39009,2,TP0016,$260.20,$520.40,"$1,105.81"
F39010,9,CAS00084,$137.83,"$1,240.49","$5,639.02"
F39010,1,CAS00085,$203.69,$203.69,$738.08
F39010,1,CAS00086,$126.54,$126.54,$542.81
F39013,2,BP00268,$68.35,$136.70,"$1,589.30"
F39014,1,TUA00098,$388.11,$388.11,$657.20
F39016,2,BP00268,$68.35,$136.70,"$1,666.30"
F39017,3,TUA00468,$330.66,$991.99,"$2,200.01"
F39018,20,ECQ-00972,$331.61,"$6,632.15","$22,873.85"
F39018,1,ECQ-00974,"$1,388.82","$1,388.82","$2,341.18"
F39020,1,TP0011,$144.40,$144.40,$340.60
F39024,2,TUE00081,$436.59,$873.18,"$3,683.72"
F39026,1,TUA00473,$176.15,$176.15,$641.74
F39028,1,BB1 1/2X1/2-300W,$253,$253,$132
F39029,10,TP0004,$77.13,$771.29,"$3,088.71"
F39032,3,TUE00161,$112.39,$337.18,"$5,015.87"
F39033,4,CS12J1075A00,$107.50,$429.99,"$2,200.34"
F39034,4,CAE00045,$158.36,$633.45,"$2,484.55"
F39036,2,TP0008,$265.64,$531.27,$340.17
F39036,2,TP0010,$125.68,$251.36,$449.46
F39040,1,TP0012,$57.60,$57.60,$269.99
F39046,10,CAS00063,$170.16,"$1,701.62","$10,798.38"
F39051,1,BB1 1/2X1/2-300W,$253,$253,$209
F39053,1,TUE00376,$28.41,$28.41,$567.59
F39054,10,PK31A1I1A000,$286.59,"$2,865.87","$4,129.13"
F39055,3,TUS00005,$168.40,$505.21,"$1,892.09"
F39061,14,TP0003,$78.65,"$1,101.12",$998.88
F39061,6,TP0008,$265.64,"$1,593.82","$1,406.18"
F39063,1,RP00213,$91.40,$91.40,$868.94
F39065,1,RP00214,$13.33,$13.33,$758.67
F39065,1,TUA00474,"$1,139.58","$1,139.58","$3,832.72"
F39065,1,TUE00094,$281.46,$281.46,"$1,103.54"
F39066,1,TUA00441,$406.12,$406.12,"$1,442.78"
F39067,2,TUA00027,$341.41,$682.82,"$1,736.78"
F39070,2,TP00007,$348.92,$697.83,-$7.83
F39072,2,CS38H1020A00,$68.25,$136.50,$921.28
F39073,1,TU5/16X230MM,$226.23,$226.23,$773.68
F39074,1,TU5/16X230MM,$226.23,$226.23,$773.68
F39076,2,TUA00009,$955.68,"$1,911.36","$2,460.64"
F39078,1,TP0005,$97.49,$97.49,$166.51
F39082,1,TUE00375,$896.15,$896.15,"$1,764.75"
F39088,1,TUE00378,"$9,353.62","$9,353.62","$13,063.98"
F39089,1,TP0003,$78.65,$78.65,$76.35
F39090,1,TUA00475,$197.53,$197.53,$701.47
F39090,1,TUS00127,$72.88,$72.88,$483.82
F39096,1,PJ31G1AB0600,$400.95,$400.95,$702.50
F39097,1,TUA00476,$159.65,$159.65,$770.35
F39105,3,TEA00105,$369.66,"$1,108.97","$1,426.90"
F39114,2,TUA00033,$585.20,"$1,170.39","$3,759.61"
F39114,3,TUS00001,$130.97,$392.91,"$1,723.59"
F39114,6,TUS00002,$143.89,$863.31,"$3,369.69"
F39115,6,TEA00017,$502.32,"$3,013.94","$2,494.06"
F39116,1,TUE00379,$239.08,$239.08,$675.92
F39117,3,TUE00377,$103.21,$309.63,"$1,837.32"
F39120,4,TP00008,$182.60,$730.40,"$1,329.60"
F39120,2,TUE00063,$438.39,$876.79,"$3,874.21"
F39120,1,TUE00129,$523.53,$523.53,"$1,557.32"
F39120,1,TUE00334,$164.55,$164.55,"$1,734.63"
F39121,1,RP00001,"$33,387.05","$33,387.05","-$30,088.77"
F39124,1,TP0003,$78.65,$78.65,$71.35
F39125,1,BB1 1/2X1/2-300W,$253,$253,$189.75
F39128,1,BB2X2ST,$220,$220,$242
F39130,1,TUA00459,$345.97,$345.97,$819.98
F39131,1,TUA00459,$345.97,$345.97,$819.98
F39133,4,CAS00051,$71.72,$286.90,"$2,765.10"
F39133,4,CBS00007,$167.31,$669.24,"$2,710.76"
F39134,1,TUE00207,$685.68,$685.68,$929.32
F39135,1,TUE00207,$685.68,$685.68,$929.32
F39136,1,TUE00207,$685.68,$685.68,$929.32
F39137,1,TUE00207,$685.68,$685.68,$929.32
F39138,2,TP0011,$144.40,$288.80,$681.20
F39139,18,BS00006,"$1,743.86","$16,025.97","$53,994.03"
F39139,18,BS00008,"$2,064.16","$19,187.82","$50,832.18"
F39142,4,TP0001,$48.20,$192.79,$307.21
F39144,8,EE00071,$21.33,$170.62,$885.86
F39146,2,BC00006,"$1,116.84","$2,233.68","$1,472.83"
F39146,2,BL00002,$55.13,$110.26,"$1,594.80"
F39146,2,BN00145,$155.35,$310.70,"$3,270.30"
F39146,2,BN00146,$253.99,$507.97,"$3,292.03"
F39146,1,PT00079,$477.16,$477.16,$802.98
F39147,10,PT00083,$518.59,"$5,185.87","$4,600.13"
F39147,5,TEA00100,$136.25,$681.25,"$2,978.75"
F39150,3,TUE00380,$312.11,$936.33,"$4,463.67"
F39151,3,TUA00053,$274.93,$824.78,"$2,433.91"
F39152,3,CS58L2050A00,$207.16,$621.48,"$1,476.66"
F39154,10,PRECA003,$667.91,"$6,679.11","$25,520.89"
F39156,4,TUA00189,"$1,798.56","$7,194.25","$15,965.75"
F39159,4,TP0012,$57.60,$230.40,"$1,029.60"
F39174,30,ECQ-00972,$288.77,"$8,663.07","$35,595.93"
F39177,4,TP00010,$131.24,$524.96,"$1,803.56"
F39179,2,BN00266,$126.10,$252.21,"$1,293.91"
F39181,10,CERAISON-14-28,$6,$60,$5.35
F39181,7,TP0012,$50.94,$356.56,"$1,742.04"
F39183,30,TUA00247,$751.86,"$22,555.72","$10,526.78"
F39184,3,TP0002,$62.95,$188.86,$276.14
F39188,2,TUE00184,$326.25,$652.49,"$2,008.21"
F39191,2,TUE00382,"$6,073.50","$12,146.99","$22,639.13"
F39199,10,TUA00436,$332.90,"$3,329.01","$4,920.99"
F39200,1,AK00010,$131.36,$131.36,"$1,152.44"
F39201,4,EE00063,"$1,721.28","$6,885.12","$68,590.88"
F39203,2,CS58D2030A00,$144.87,$289.73,$873.19
F39204,2,CS12D2030A00,$96.17,$192.34,$917.78
F39208,8,TUA00200,$800.35,"$6,402.83","$21,960.61"
F39212,1,TUE00383,$328.39,$328.39,"$1,042.35"
F39213,1,TUA00477,$273.77,$273.77,$744.23
F39216,2,CS38D1017B00,$133.04,$266.08,"$1,369.50"
F39223,4,CAS00013,$325.23,"$1,300.94",$821.62
F39229,1,TP0016,$222,$222,$510
F39231,1,TP0025,$90.91,$90.91,$119.09
F39231,1,TP0026,$113.59,$113.59,$191.91
F39233,4,TP0011,$144.40,$577.60,"$1,362.40"
F39235,1,TEA00106,$413.55,$413.55,$551.85
F39237,5,TP0007,$236.60,"$1,182.99","$1,847.01"
F39237,10,TP0026,$113.64,"$1,136.37","$2,843.63"
F39238,1,BL00060,$187.54,$187.54,$970.39
F39239,1,TUE00381,"$1,088.23","$1,088.23","$3,411.77"
F39240,2,BP00183,$66.79,$133.59,"$1,265.45"
F39248,1,BB2X2ST,$220,$220,$242
F39253,3,TP0012,$59.54,$178.63,$720.77
F39254,2,TP0002,$62.95,$125.91,$184.09
F39256,1,RP00216,$0,$0,"$2,533.27"
F39259,4,TUA00175,$338.22,"$1,352.89","$8,085.91"
F39260,1,BP00269,$49.16,$49.16,$723.44
F39265,4,BB2X2ST,$220,$880,$968.28
F39270,3,EE00072,$0,$0,"$3,583.98"
F39271,2,BN00267,$207.69,$415.38,"$1,448.62"
F39271,2,BN00268,$126.52,$253.04,"$1,208.56"
F39272,1,RP00220,$329,$329,"$1,582"
F39273,3,TUA00124,$600.03,"$1,800.09","$2,917.26"
F39274,10,TP0011,$144.40,"$1,444","$3,406"
F39278,6,TUA00478,$355.30,"$2,131.82","$4,632.94"
F39281,1,47980590,"$2,392.50","$2,392.50",-$592.50
F39281,1,47980626,$421.11,$421.11,$709.39
F39283,1,BP00259,$89.76,$89.76,$586.21
F39283,1,BP00260,$72.34,$72.34,$657.83
F39284,10,TUE00112,$521.39,"$5,213.90","$11,556.10"
F39284,5,TUE00113,"$1,627.09","$8,135.45","$4,089.55"
F39285,4,CS38H1040A11,$0,$0,"$2,792"
F39291,20,ECQ-00972,$315.51,"$6,310.20","$23,195.80"
F39291,3,ECQ-01444,$640.51,"$1,921.52","$7,238.23"
F39294,1,TUA00475,$197.53,$197.53,$701.47
F39300,6,TUS00109,$76.71,$460.25,"$3,256.75"
F39303,1,TUE00385,$70.70,$70.70,$628.80
F39306,1,TU5/16X215V240W,$316.45,$316.45,$333.55
F39312,6,70001691,$93.30,$559.81,"$1,920.59"
F39312,10,70001693,$100.70,"$1,007.01","$3,142.99"
F39312,10,70001694,$124.77,"$1,247.67","$2,822.33"
F39312,10,70001696,$132.16,"$1,321.62","$4,090.88"
F39312,7,70001697,$138.90,$972.31,"$3,983.69"
F39312,10,70001698,$119.27,"$1,192.74","$3,687.26"
F39312,10,70007685,$52.12,$521.21,"$15,631.29"
F39315,3,TUE00207,$586.32,"$1,758.97","$4,409.63"
F39320,1,BP00270,$47.84,$47.84,$614.73
F39320,1,BP00271,$99.37,$99.37,$715.70
F39320,1,BP00272,$142.20,$142.20,$734.78
F39320,1,BP00273,$39.85,$39.85,$548.15
F39324,10,CAS00083,$131.45,"$1,314.54","$6,606.56"
F39324,10,CAS00084,$137.63,"$1,376.26","$6,611.64"
F39324,1,CAS00085,$203.69,$203.69,$780.46
F39324,1,CAS00086,$126.29,$126.29,$573.18
F39326,3,TUS00001,$127.62,$382.87,"$1,733.63"
F39327,6,TUA00021,"$1,119.39","$6,716.37","$10,656.45"
F39332,1,TU5/16X203V240W,$331.33,$331.33,$339.36
F39334,1,TUE00386,$379.55,$379.55,"$1,086.66"
F39340,6,CAS00073,$82.34,$494.02,"$5,666.78"
F39340,6,CAS00074,$245.96,"$1,475.75","$5,514.25"
F39340,1,RP00222,$67.84,$67.84,$417.16
F39340,2,TUA00057,"$2,496.65","$4,993.30","$6,537.68"
F39342,11,BS00006,$982.40,"$10,806.45","$31,983.55"
F39343,5,RPISTOLA01,$130.12,$650.58,"$2,949.42"
F39345,6,TP0003,$78.68,$472.05,$697.95
F39346,1,TEA00107,$414.84,$414.84,$603.16
F39347,2,TEA00107,$414.84,$829.67,"$1,206.33"
F39349,1,BN00269,$117.24,$117.24,$788.81
F39351,1,TP0015,$173,$173,$436.84
F39351,1,TP0016,$222,$222,$591.10
F39352,1,TP0012,$57.60,$57.60,$295.85
F39353,2,TUA00063,$218.33,$436.67,"$1,413.34"
F39358,1,BO00067,$57.07,$57.07,$748.43
F39359,8,CS12C1025A00,$96.96,$775.70,"$3,648.30"
F39361,5,MR8-250-11-13,$160.02,$800.11,"$3,399.89"
F39363,2,TUA00463,"$1,931.62","$3,863.23","$5,674.77"
F39364,3,CS12G1040A00,$90.42,$271.25,"$1,424.95"
F39365,12,CBE00012,$251.37,"$3,016.40","$11,620.48"
F39365,6,CBE00040,$213.77,"$1,282.59","$4,853.43"
F39366,10,TUA00049,$291.33,"$2,913.27","$10,948.33"
F39372,1,BP00259,$89.76,$89.76,$700.24
F39372,1,BP00260,$72.34,$72.34,$717.66
F39372,1,BP00274,$150.44,$150.44,$701.56
F39372,1,BP00275,$53.71,$53.71,$701.29
F39372,1,BP00276,$108.81,$108.81,$743.19
F39374,3,BC00010,$472.22,"$1,416.65","$5,783.35"
F39376,1,TEA00108,$170.55,$170.55,$449.65
F39379,2,TUA00480,$463.36,$926.71,"$2,357.99"
F39384,1,TUA00479,"$3,280.08","$3,280.08","$4,841.12"
F39385,1,TEA00110,$166.83,$166.83,$575.62
F39387,1,TUE00258,$93.20,$93.20,"$1,115.05"
F39388,1,TUE00258,$93.20,$93.20,"$1,115.05"
F39390,8,BC00030,$663.12,"$5,304.97","$14,930.23"
F39396,4,BP00277,$44.13,$176.50,"$2,256.94"
F39396,4,BP00278,$42.57,$170.28,"$2,375.24"
F39399,2,BN00270,$175.33,$350.67,"$1,790.53"
F39400,4,BB2X2ST,$300,"$1,200",$648
F39403,2,TP0001,$48.20,$96.40,$153.61
F39404,2,CS14K2040A00,$38.42,$76.84,"$1,013.16"
F39404,2,CS14L2040A00,$53.33,$106.65,"$1,063.35"
F39404,2,TP0006,$126.71,$253.43,$722.57
F39405,6,CAS00087,$235.35,"$1,412.10","$5,180.34"
F39405,1,CAS00088,$277.20,$277.20,$900.05
F39411,1,TEA00109,$145.23,$145.23,$456.27
F39412,1,BL00061,"$1,047.18","$1,047.18","$4,854.27"
F39420,2,TP0008,$265.64,$531.27,$852.13
F39420,4,TP0009,$205.20,$820.82,"$1,263.34"
F39420,4,TP0010,$125.68,$502.72,$898.92
F39422,2,PJ31C1C1B000,$99.22,$198.45,$558.07
F39424,20,EE00071,$21.33,$426.55,"$2,214.65"
F39425,1,TP0003,$78.68,$78.68,$76.32
F39426,1,TUA00463,"$1,931.62","$1,931.62","$2,837.38"
F39428,1,RP00227,$78.38,$78.38,$667.31
F39432,1,TUA00481,$332.12,$332.12,$757.23
F39433,1,TUA00481,$332.12,$332.12,$757.23
F39436,4,EE00063,"$1,721.28","$6,885.12","$68,590.88"
F39437,1,TUS00048,$63.09,$63.09,$705.41
F39438,2,TP0002,$62.95,$125.91,$184.09
F39441,2,TUS00113,$69.55,$139.11,"$1,107.63"
F39442,1,TP0002,$62.95,$62.95,$90.30
F39444,2,TP0008,$265.64,$531.27,$852.09
F39447,1,PJ18D2E1A410,$81.99,$81.99,$347.26
F39449,6,TUA00482,$235.75,"$1,414.50","$4,501.50"
F39450,4,CM10I2040A00,$63.37,$253.47,"$1,926.53"
F39454,1,P25601AB0600,$521.55,$521.55,$553.76
F39455,15,TP0003,$76.08,"$1,141.15","$1,488.50"
F39455,3,TP0008,$211.36,$634.09,"$1,201.31"
F39456,1,EE00075,$544.48,$544.48,"$8,955.12"
F39468,1,TP0002,$62.95,$62.95,$92.05
F39470,1,TP0001,$48.20,$48.20,$71.80
F39471,6,CS12N1050A00,$127.11,$762.68,"$3,758.32"
F39490,2,CS58O2050A00,$145.02,$290.03,"$1,335.83"
F39491,1,RP00225,$0,$0,"$1,364"
F39493,4,TP0002,$62.95,$251.81,$368.19
F39494,10,CAS00083,$131.45,"$1,314.54","$6,606.56"
F39494,7,CAS00084,$137.63,$963.38,"$4,628.15"
F39494,25,CAS00085,$203.69,"$5,092.20","$19,511.55"
F39494,1,CAS00086,$126.29,$126.29,$573.18
F39499,4,TUS00016,$98.82,$395.30,"$2,282.90"
F39499,4,TUS00017,$112.34,$449.36,"$2,228.84"
F39499,6,TUS00018,$99.83,$598.95,"$3,418.35"
F39500,2,BO00066,$0,$0,"$4,963.18"
F39503,1,RP00192,$0.20,$0.20,"$17,449.80"
F39509,2,TP0002,$51.36,$102.71,$207.29
F39509,2,TP0003,$68.20,$136.41,$243.59
F39511,2,TEE00017,"$1,164.20","$2,328.40","$2,803.90"
F39513,4,TUA00484,$663.74,"$2,654.96","$5,514.68"
F39519,1,TUE00384,$18.45,$18.45,$467.55
F39523,2,TUA00483,$339.91,$679.81,"$2,384.29"
F39524,3,EE00077,$442.50,"$1,327.51","$13,102.49"
F39525,11,CBS00001,$676.87,"$7,445.60","$12,356.38"
F39526,1,BB1 1/2X1/2-300W,$278,$278,$184
F39526,1,TP0025,$96.83,$96.83,$228.17
F39531,1,BP00259,$89.76,$89.76,$546.21
F39531,1,BP00260,$72.34,$72.34,$657.83
F39539,1,PJ14R1B40A00,$420.67,$420.67,$18.99
F39541,4,TUA00175,$401.65,"$1,606.58","$7,832.22"
F39542,2,ECQ-00971,$385.09,$770.19,"$1,181.81"
F39542,20,ECQ-00972,$316.19,"$6,323.81","$23,182.19"
F39543,1,P231E1AB0600,$0,$0,$900
F39543,1,P231J1AB0600,$518.43,$518.43,$426.57
F39546,12,CBS00092,$931.02,"$5,553.94","$11,932.46"
F39549,3,BL00062,$208.88,$626.65,"$2,226.47"
F39550,5,TP0002,$67.57,$337.86,$262.14
F39554,3,TUE00387,$67.56,$202.67,"$3,056.77"
F39555,2,TP0012,$57.60,$115.20,$514.80
F39560,2,TUA00325,"$4,604.19","$9,208.38","$15,791.62"
F39564,1,TUA00486,$408.31,$408.31,"$1,008.79"
F39566,6,RPISTOLA01,$129.70,$778.18,"$3,541.82"
F39568,2,BP00279,$257.11,$514.21,"$1,212.07"
F39569,5,TU5/16X203V,$325.78,"$1,628.92","$1,621.08"
F39569,5,TUA00436,$332.90,"$1,664.51","$2,460.49"
F39571,1,TUS00128,$197.83,$197.83,$412.17
F39571,1,TUS00129,$178.15,$178.15,$431.85
F39571,1,TUS00130,$171.15,$171.15,$438.85
F39574,1,TP0001,$48.20,$48.20,$71.93
F39574,1,TP0024,$48.10,$48.10,$117.41
F39576,1,EE00022,$654.34,$654.34,"$27,153.66"
F39577,2,TK00028,$78.24,$156.48,$881.52
F39582,2,RP00223,$42.65,$85.31,"$1,900.93"
F39584,6,TUE00388,$394.88,"$2,369.31","$5,827.47"
F39586,6,BO00061,$89.98,$539.86,"$8,730.14"
F39587,3,TUE00122,$129.28,$387.85,"$2,561.16"
F39588,1,TP0040,$153.85,$153.85,$281.87
F39591,10,CAS00089,$251.47,"$2,514.71","$14,475.29"
F39592,1,RP00165,$277.50,$277.50,"$13,722.50"
F39595,1,TUE00389,"$1,541.46","$1,541.46","$5,049.64"
F39597,1,TJ00037,$519.45,$519.45,$769.55
F39597,2,TP0022,$331.49,$662.99,"$1,062.01"
F39597,1,TP0040,$153.85,$153.85,$308.15
F39598,1,TUA00485,$264.62,$264.62,$958.76
F39600,3,TUA00098,$199.05,$597.15,"$2,538.78"
F39603,3,TUA00468,$330.66,$991.99,"$2,820.53"
F39605,2,TP0005,$97.49,$194.99,"$1,143.01"
F39608,2,TP0001,$48.20,$96.40,$153.61
F39608,2,TP0002,$63.31,$126.62,$183.38
F39608,1,TP0003,$65.16,$65.16,$124.84
F39609,5,TJ00095,$61.77,$308.87,"$2,499.63"
F39609,5,TJ00096,$51.49,$257.43,"$2,455.82"
F39610,10,TP0011,$144.40,"$1,444","$3,406"
F39610,2,TP0012,$57.60,$115.20,$514.80
F39611,8,CBS00019,$336.58,"$2,692.66","$5,759.74"
F39612,1,TUA00191,"$1,318.10","$1,318.10","$1,346.90"
F39613,2,TP0022,$331.49,$662.99,$772.75
F39615,2,TP0008,$186.16,$372.32,"$1,011.08"
F39615,2,TP0009,$205.20,$410.41,$631.67
F39615,4,TP0010,$125.68,$502.72,$898.92
F39618,4,TUE00391,$120.76,$483.02,"$14,671.74"
F39621,1,TP0001,$48.20,$48.20,$76.80
F39622,5,TEE00012,"$1,044.55","$2,499.93","$22,452.82"
F39624,1,BN00271,$157.64,$157.64,$800.66
F39625,1,RP00228,$63.90,$63.90,$738.10
F39627,1,TUA00487,"$1,292.27","$1,292.27","$4,016.84"
F39630,2,TUE00390,$30.45,$60.89,"$1,331.11"
F39631,8,P114Q1H90412,$996.40,"$3,985.60","$3,219.92"
F39632,4,P251L1J1B000,$961.36,"$3,845.43","$5,594.57"
F39633,20,CBS00001,$592.18,"$11,843.56","$24,160.04"
F39634,6,BS00006,$936.33,"$5,618.00","$17,722.00"
F39634,6,BS00008,"$1,133.81","$6,802.89","$16,537.11"
F39636,10,TP0003,$88.63,$886.28,"$1,063.72"
F39637,2,BB00103,$168.53,$337.07,"$1,119.79"
F39642,20,ECQ-00972,$301.31,"$6,026.11","$23,479.89"
F39643,1,TUE00195,$919.68,$919.68,$399.02
F39645,1,CBS00106,$286.34,$286.34,$723.31
F39647,1,TU5/16X870J127V,$227.18,$227.18,$600.41
F39649,1,CAE00046,$137.33,$137.33,$736.42
F39649,1,CM16I2090A00,$139.65,$139.65,$595.35
F39654,6,TUA00258,$280.14,"$1,680.81","$11,384.19"
F39657,6,BO00061,$89.98,$539.86,"$8,730.14"
F39659,1,TUE00142,$448.24,$448.24,"$1,772.46"
F39661,2,TUA00490,$0,$0,"$7,287.40"
F39661,9,TUA00491,$0,$0,"$13,609.08"
F39664,1,BN00272,$328.36,$328.36,"$1,472.33"
F39666,1,BB00102,$78.25,$78.25,"$1,080.26"
F39671,8,CAS00044,$253.90,"$2,031.23","$5,245.25"
F39672,4,CAE00045,$158.36,$633.45,"$3,188.07"
F39673,8,CS12C1025A00,$96.96,$775.70,"$4,904.30"
F39675,1,TUE00166,$140.88,$140.88,"$1,244.62"
F39678,10,ABRAZA01,$21.39,$213.85,"$1,016.15"
F39685,6,47980249,$301.12,"$1,806.71","$4,073.29"
F39686,9,47980249,$299.53,"$2,695.79","$6,124.21"
F39686,1,47980626,$499.20,$499.20,$631.30
F39687,3,TP0003,$79.01,$237.03,$227.97
F39691,6,TEA00095,$127.06,$762.35,"$2,959.75"
F39696,1,RP00229,$0,$0,"$13,688"
F39700,1,TUE00142,$293.13,$293.13,"$1,927.57"
F39701,1,CAE00047,$291.13,$291.13,$830.57
F39701,1,TUE00392,$196.44,$196.44,"$1,105.71"
F39706,2,TP0011,$144.40,$288.80,$681.20
F39716,1,BO00005,"$1,734.88","$1,734.88","$16,747.90"
F39719,25,CBS00092,$461.49,"$11,537.18","$24,892.82"
F39721,10,ABRAZA01,$21.39,$213.85,"$1,016.15"
F39725,4,TUE00207,$466.20,"$1,864.79","$6,360.01"
F39730,1,TP0012,$57.60,$57.60,$257.40
F39731,20,ECQ-00972,$315.59,"$6,311.82","$23,194.18"
F39732,10,TEA00006,$119.05,"$1,190.47","$2,359.53"
F39733,3,TUS00131,$0,$0,"$4,157.70"
F39736,10,TEA00111,$668.13,"$6,681.26","$9,451.34"
F39741,4,TUS00052,$37.65,$150.59,"$1,529.41"
F39743,2,TUA00401,$360.20,$720.39,"$1,612.87"
F39748,2,TUE00206,$366.62,$733.23,$420.07
F39749,1,TP0011,$144.40,$144.40,$340.60
F39749,3,TP0012,$57.60,$172.80,$772.20
F39751,1,TUA00489,$0,$0,"$3,045.50"
F39752,1,TU5/16X870J127V,$227.18,$227.18,$462.44
F39754,4,CS14D2017B20,$222.14,$444.27,"$6,387.73"
F39757,1,TP0016,$222,$222,$593
F39759,3,TUA00488,$454.72,"$1,364.17","$2,983.73"
F39760,6,TP0005,$97.49,$584.96,"$1,786.78"
F39762,4,TP0004,$97.30,$389.19,$674.81
F39762,4,TP0008,$306.53,"$1,226.13","$1,395.87"
F39763,1,CBS00107,$355.52,$355.52,"$1,079.68"
F39764,1,TUE00081,$414.88,$414.88,"$1,863.57"
F39767,2,TUE00393,$83.40,$166.80,"$2,053.20"
F39770,4,TUE00207,$586.32,"$2,345.29","$5,879.51"
F39774,6,ECQ-01444,$828.00,"$4,968.00","$13,351.50"
F39775,5,EE00077,$442.50,"$2,212.51","$21,837.49"
F39776,2,ECQ-00971,$360.70,$721.39,"$1,230.61"
F39776,1,ECQ-00974,"$1,311.27","$1,311.27","$2,418.73"
F39776,5,ECQ-01444,$773.21,"$3,866.04","$11,400.21"
F39777,12,BO00061,$179.95,"$1,079.71","$17,460.29"
F39780,1,TP0012,$57.60,$57.60,$352.40
F39788,1,TUA00494,"$2,335.20","$2,335.20","$9,474.78"
F39791,6,TUA00433,$620.47,"$3,722.84","$11,245.96"
F39792,2,TU5/16X203V,$325.78,$651.57,$748.43
F39793,3,PT00091,$66.31,$198.93,"$1,235.07"
F39794,26,CAS00083,$131.45,"$3,417.80","$17,177.06"
F39794,10,CAS00084,$137.63,"$1,376.26","$6,611.64"
F39795,5,PJ31A1I1A000,$232.01,"$1,160.05","$2,487.80"
F39795,5,PJ31A1I1A400,$236.20,"$1,181.01","$2,507.09"
F39801,10,CS58R2200A01,$405.55,"$4,055.46","$9,519.54"
F39803,1,TUA00493,$0,$0,"$1,325.07"
F39810,16,CBS00109,$333.62,"$5,337.90","$26,372.18"
F39811,2,ECQ-00974,$696.46,"$1,392.92","$6,067.08"
F39812,10,70001698,$107.33,"$1,073.25","$3,806.75"
F39813,4,CAS00035,$681.52,"$2,726.10",$309.90
F39815,1,RP00230,"$1,319.88","$1,319.88","$4,349.11"
F39815,1,RP00231,$99.68,$99.68,"$2,200.32"
F39816,6,TUA00492,"$1,186.76","$7,120.54","$10,637.54"
F39817,2,TP0016,$317.50,$635,$829
F39820,1,TU5/16X230MM,$226.23,$226.23,$773.77
F39824,1,TUA00325,"$4,579.08","$4,579.08","$7,920.92"
F39826,5,RB00007,$78.09,$390.43,"$9,095.92"
F39828,3,TP00018,$51.16,$153.49,"$1,376.51"
F39830,6,BP00006,$294.50,"$1,767.02","$9,560.98"
F39830,3,PJ31Q1G1A400,$123.21,$369.62,$947.83
F39833,2,BL00002,$65.31,$130.63,"$1,721.01"
F39833,2,BN00145,$286.13,$572.25,"$3,248.75"
F39833,2,BN00146,$421.91,$843.82,"$3,197.02"
F39833,2,PT00079,$477.16,$954.32,"$1,399.82"
F39834,6,CS12F1040A00,$102.31,$613.88,"$3,658.12"
F39834,6,CS12H1050A00,$104.69,$628.12,"$3,683.48"
F39835,3,TUE00394,$596.55,"$1,789.64","$4,757.41"
F39837,1,TUA00470,"$1,884.35","$1,884.35","$4,025.49"
F39838,10,RB00007,$80.66,$806.55,"$13,253.45"
